policy,schd_time,sensors,start_soc,end_soc,exed,exe_time,priority,info
ES-Adap,2017-06-12 00:00:00,"['tm1', 'ec1', 'ph1', 'orp1']",2000.0,1850.0,True,2017-06-12 00:00:01,"{'tm1': {'consum': 20, 'ideal_interval': 1, 'last_used_time': '2017-06-12T00:00:00', 'time_gap': 1.0, 'priority': 1.0}, 'ec1': {'consum': 20, 'ideal_interval': 2, 'last_used_time': '2017-06-12T00:00:00', 'time_gap': 1.0, 'priority': 0.5}, 'ph1': {'consum': 40, 'ideal_interval': 1, 'last_used_time': '2017-06-12T00:00:00', 'time_gap': 1.0, 'priority': 1.0}, 'orp1': {'consum': 40, 'ideal_interval': 2, 'last_used_time': '2017-06-12T00:00:00', 'time_gap': 1.0, 'priority': 0.5}}",[]
ES-Adap,2017-06-12 01:00:00,"['tm1', 'ec1', 'ph1', 'orp1']",1847.2222222222224,1697.2222222222222,True,2017-06-12 01:00:01,"{'tm1': {'consum': 20, 'ideal_interval': 1, 'last_used_time': '2017-06-12T01:00:00', 'time_gap': 1.0, 'priority': 1.0}, 'ec1': {'consum': 20, 'ideal_interval': 2, 'last_used_time': '2017-06-12T01:00:00', 'time_gap': 1.0, 'priority': 0.5}, 'ph1': {'consum': 40, 'ideal_interval': 1, 'last_used_time': '2017-06-12T01:00:00', 'time_gap': 1.0, 'priority': 1.0}, 'orp1': {'consum': 40, 'ideal_interval': 2, 'last_used_time': '2017-06-12T01:00:00', 'time_gap': 1.0, 'priority': 0.5}}",[]
ES-Adap,2017-06-12 02:00:00,"['tm1', 'ec1', 'ph1', 'orp1']",1694.4444444444443,1544.4444444444443,True,2017-06-12 02:00:01,"{'tm1': {'consum': 20, 'ideal_interval': 1, 'last_used_time': '2017-06-12T02:00:00', 'time_gap': 1.0, 'priority': 1.0}, 'ec1': {'consum': 20, 'ideal_interval': 2, 'last_used_time': '2017-06-12T02:00:00', 'time_gap': 1.0, 'priority': 0.5}, 'ph1': {'consum': 40, 'ideal_interval': 1, 'last_used_time': '2017-06-12T02:00:00', 'time_gap': 1.0, 'priority': 1.0}, 'orp1': {'consum': 40, 'ideal_interval': 2, 'last_used_time': '2017-06-12T02:00:00', 'time_gap': 1.0, 'priority': 0.5}}",[]
ES-Adap,2017-06-12 04:00:00,"['tm1', 'ec1', 'ph1', 'orp1']",1538.8888888888887,1388.8888888888887,True,2017-06-12 04:00:01,"{'tm1': {'consum': 20, 'ideal_interval': 1, 'last_used_time': '2017-06-12T04:00:00', 'time_gap': 1.0, 'priority': 1.0}, 'ec1': {'consum': 20, 'ideal_interval': 2, 'last_used_time': '2017-06-12T04:00:00', 'time_gap': 1.0, 'priority': 0.5}, 'ph1': {'consum': 40, 'ideal_interval': 1, 'last_used_time': '2017-06-12T04:00:00', 'time_gap': 1.0, 'priority': 1.0}, 'orp1': {'consum': 40, 'ideal_interval': 2, 'last_used_time': '2017-06-12T04:00:00', 'time_gap': 1.0, 'priority': 0.5}}",[]
ES-Adap,2017-06-12 06:00:00,"['tm1', 'ec1', 'ph1', 'orp1']",1385.9469594999996,1235.9469594999996,True,2017-06-12 06:00:01,"{'tm1': {'consum': 20, 'ideal_interval': 1, 'last_used_time': '2017-06-12T06:00:00', 'time_gap': 1.0, 'priority': 1.0}, 'ec1': {'consum': 20, 'ideal_interval': 2, 'last_used_time': '2017-06-12T06:00:00', 'time_gap': 1.0, 'priority': 0.5}, 'ph1': {'consum': 40, 'ideal_interval': 1, 'last_used_time': '2017-06-12T06:00:00', 'time_gap': 1.0, 'priority': 1.0}, 'orp1': {'consum': 40, 'ideal_interval': 2, 'last_used_time': '2017-06-12T06:00:00', 'time_gap': 1.0, 'priority': 0.5}}",[]
ES-Adap,2017-06-12 08:00:00,"['tm1', 'ec1', 'ph1', 'orp1']",1275.6083589444438,1125.6083589444438,True,2017-06-12 08:00:01,"{'tm1': {'consum': 20, 'ideal_interval': 1, 'last_used_time': '2017-06-12T08:00:00', 'time_gap': 1.0, 'priority': 1.0}, 'ec1': {'consum': 20, 'ideal_interval': 2, 'last_used_time': '2017-06-12T08:00:00', 'time_gap': 1.0, 'priority': 0.5}, 'ph1': {'consum': 40, 'ideal_interval': 1, 'last_used_time': '2017-06-12T08:00:00', 'time_gap': 1.0, 'priority': 1.0}, 'orp1': {'consum': 40, 'ideal_interval': 2, 'last_used_time': '2017-06-12T08:00:00', 'time_gap': 1.0, 'priority': 0.5}}",[]
ES-Adap,2017-06-12 12:00:00,"['tm1', 'ec1', 'ph1', 'orp1']",1446.925181166666,1296.925181166666,True,2017-06-12 12:00:01,"{'tm1': {'consum': 20, 'ideal_interval': 1, 'last_used_time': '2017-06-12T12:00:00', 'time_gap': 1.0, 'priority': 1.0}, 'ec1': {'consum': 20, 'ideal_interval': 2, 'last_used_time': '2017-06-12T12:00:00', 'time_gap': 1.0, 'priority': 0.5}, 'ph1': {'consum': 40, 'ideal_interval': 1, 'last_used_time': '2017-06-12T12:00:00', 'time_gap': 1.0, 'priority': 1.0}, 'orp1': {'consum': 40, 'ideal_interval': 2, 'last_used_time': '2017-06-12T12:00:00', 'time_gap': 1.0, 'priority': 0.5}}",[]
ES-Adap,2017-06-12 14:00:00,"['tm1', 'ec1', 'ph1', 'orp1']",1481.8682256111103,1331.8682256111103,True,2017-06-12 14:00:01,"{'tm1': {'consum': 20, 'ideal_interval': 1, 'last_used_time': '2017-06-12T14:00:00', 'time_gap': 1.0, 'priority': 1.0}, 'ec1': {'consum': 20, 'ideal_interval': 2, 'last_used_time': '2017-06-12T14:00:00', 'time_gap': 1.0, 'priority': 0.5}, 'ph1': {'consum': 40, 'ideal_interval': 1, 'last_used_time': '2017-06-12T14:00:00', 'time_gap': 1.0, 'priority': 1.0}, 'orp1': {'consum': 40, 'ideal_interval': 2, 'last_used_time': '2017-06-12T14:00:00', 'time_gap': 1.0, 'priority': 0.5}}",[]
ES-Adap,2017-06-12 16:00:00,"['tm1', 'ec1', 'ph1', 'orp1']",1459.573203388888,1309.573203388888,True,2017-06-12 16:00:01,"{'tm1': {'consum': 20, 'ideal_interval': 1, 'last_used_time': '2017-06-12T16:00:00', 'time_gap': 1.0, 'priority': 1.0}, 'ec1': {'consum': 20, 'ideal_interval': 2, 'last_used_time': '2017-06-12T16:00:00', 'time_gap': 1.0, 'priority': 0.5}, 'ph1': {'consum': 40, 'ideal_interval': 1, 'last_used_time': '2017-06-12T16:00:00', 'time_gap': 1.0, 'priority': 1.0}, 'orp1': {'consum': 40, 'ideal_interval': 2, 'last_used_time': '2017-06-12T16:00:00', 'time_gap': 1.0, 'priority': 0.5}}",[]
ES-Adap,2017-06-12 18:00:00,"['tm1', 'ec1', 'ph1', 'orp1']",1350.4856661666656,1200.4856661666656,True,2017-06-12 18:00:01,"{'tm1': {'consum': 20, 'ideal_interval': 1, 'last_used_time': '2017-06-12T18:00:00', 'time_gap': 1.0, 'priority': 1.0}, 'ec1': {'consum': 20, 'ideal_interval': 2, 'last_used_time': '2017-06-12T18:00:00', 'time_gap': 1.0, 'priority': 0.5}, 'ph1': {'consum': 40, 'ideal_interval': 1, 'last_used_time': '2017-06-12T18:00:00', 'time_gap': 1.0, 'priority': 1.0}, 'orp1': {'consum': 40, 'ideal_interval': 2, 'last_used_time': '2017-06-12T18:00:00', 'time_gap': 1.0, 'priority': 0.5}}",[]
ES-Adap,2017-06-12 20:00:00,"['tm1', 'ec1', 'ph1', 'orp1']",1197.3581719444433,1047.3581719444433,True,2017-06-12 20:00:01,"{'tm1': {'consum': 20, 'ideal_interval': 1, 'last_used_time': '2017-06-12T20:00:00', 'time_gap': 1.0, 'priority': 1.0}, 'ec1': {'consum': 20, 'ideal_interval': 2, 'last_used_time': '2017-06-12T20:00:00', 'time_gap': 1.0, 'priority': 0.5}, 'ph1': {'consum': 40, 'ideal_interval': 1, 'last_used_time': '2017-06-12T20:00:00', 'time_gap': 1.0, 'priority': 1.0}, 'orp1': {'consum': 40, 'ideal_interval': 2, 'last_used_time': '2017-06-12T20:00:00', 'time_gap': 1.0, 'priority': 0.5}}",[]
ES-Adap,2017-06-13 00:00:00,"['tm1', 'ec1', 'ph1', 'orp1']",1036.247060833332,886.247060833332,True,2017-06-13 00:00:01,"{'tm1': {'consum': 20, 'ideal_interval': 1, 'last_used_time': '2017-06-13T00:00:00', 'time_gap': 1.0, 'priority': 1.0}, 'ec1': {'consum': 20, 'ideal_interval': 2, 'last_used_time': '2017-06-13T00:00:00', 'time_gap': 1.0, 'priority': 0.5}, 'ph1': {'consum': 40, 'ideal_interval': 1, 'last_used_time': '2017-06-13T00:00:00', 'time_gap': 1.0, 'priority': 1.0}, 'orp1': {'consum': 40, 'ideal_interval': 2, 'last_used_time': '2017-06-13T00:00:00', 'time_gap': 1.0, 'priority': 0.5}}",[]
ES-Adap,2017-06-13 04:00:00,"['tm1', 'ec1', 'ph1', 'orp1']",875.1359497222206,725.1359497222206,True,2017-06-13 04:00:01,"{'tm1': {'consum': 20, 'ideal_interval': 1, 'last_used_time': '2017-06-13T04:00:00', 'time_gap': 1.0, 'priority': 1.0}, 'ec1': {'consum': 20, 'ideal_interval': 2, 'last_used_time': '2017-06-13T04:00:00', 'time_gap': 1.0, 'priority': 0.5}, 'ph1': {'consum': 40, 'ideal_interval': 1, 'last_used_time': '2017-06-13T04:00:00', 'time_gap': 1.0, 'priority': 1.0}, 'orp1': {'consum': 40, 'ideal_interval': 2, 'last_used_time': '2017-06-13T04:00:00', 'time_gap': 1.0, 'priority': 0.5}}",[]
ES-Adap,2017-06-13 12:00:00,"['tm1', 'ec1', 'ph1', 'orp1']",1054.591399499998,904.591399499998,True,2017-06-13 12:00:01,"{'tm1': {'consum': 20, 'ideal_interval': 1, 'last_used_time': '2017-06-13T12:00:00', 'time_gap': 1.0, 'priority': 1.0}, 'ec1': {'consum': 20, 'ideal_interval': 2, 'last_used_time': '2017-06-13T12:00:00', 'time_gap': 1.0, 'priority': 0.5}, 'ph1': {'consum': 40, 'ideal_interval': 1, 'last_used_time': '2017-06-13T12:00:00', 'time_gap': 1.0, 'priority': 1.0}, 'orp1': {'consum': 40, 'ideal_interval': 2, 'last_used_time': '2017-06-13T12:00:00', 'time_gap': 1.0, 'priority': 0.5}}",[]
ES-Adap,2017-06-13 16:00:00,"['tm1', 'ec1', 'ph1', 'orp1']",1122.5923050555534,972.5923050555534,True,2017-06-13 16:00:01,"{'tm1': {'consum': 20, 'ideal_interval': 1, 'last_used_time': '2017-06-13T16:00:00', 'time_gap': 1.0, 'priority': 1.0}, 'ec1': {'consum': 20, 'ideal_interval': 2, 'last_used_time': '2017-06-13T16:00:00', 'time_gap': 1.0, 'priority': 0.5}, 'ph1': {'consum': 40, 'ideal_interval': 1, 'last_used_time': '2017-06-13T16:00:00', 'time_gap': 1.0, 'priority': 1.0}, 'orp1': {'consum': 40, 'ideal_interval': 2, 'last_used_time': '2017-06-13T16:00:00', 'time_gap': 1.0, 'priority': 0.5}}",[]
ES-Adap,2017-06-13 20:00:00,"['tm1', 'ec1', 'ph1', 'orp1']",1008.4754347777754,858.4754347777754,True,2017-06-13 20:00:01,"{'tm1': {'consum': 20, 'ideal_interval': 1, 'last_used_time': '2017-06-13T20:00:00', 'time_gap': 1.0, 'priority': 1.0}, 'ec1': {'consum': 20, 'ideal_interval': 2, 'last_used_time': '2017-06-13T20:00:00', 'time_gap': 1.0, 'priority': 0.5}, 'ph1': {'consum': 40, 'ideal_interval': 1, 'last_used_time': '2017-06-13T20:00:00', 'time_gap': 1.0, 'priority': 1.0}, 'orp1': {'consum': 40, 'ideal_interval': 2, 'last_used_time': '2017-06-13T20:00:00', 'time_gap': 1.0, 'priority': 0.5}}",[]
ES-Adap,2017-06-14 00:00:00,"['tm1', 'ec1', 'ph1', 'orp1']",847.3643236666641,697.3643236666641,True,2017-06-14 00:00:01,"{'tm1': {'consum': 20, 'ideal_interval': 1, 'last_used_time': '2017-06-14T00:00:00', 'time_gap': 1.0, 'priority': 1.0}, 'ec1': {'consum': 20, 'ideal_interval': 2, 'last_used_time': '2017-06-14T00:00:00', 'time_gap': 1.0, 'priority': 0.5}, 'ph1': {'consum': 40, 'ideal_interval': 1, 'last_used_time': '2017-06-14T00:00:00', 'time_gap': 1.0, 'priority': 1.0}, 'orp1': {'consum': 40, 'ideal_interval': 2, 'last_used_time': '2017-06-14T00:00:00', 'time_gap': 1.0, 'priority': 0.5}}",[]
ES-Adap,2017-06-14 08:00:00,"['tm1', 'ec1', 'ph1', 'orp1']",717.5691112777747,567.5691112777747,True,2017-06-14 08:00:01,"{'tm1': {'consum': 20, 'ideal_interval': 1, 'last_used_time': '2017-06-14T08:00:00', 'time_gap': 1.0, 'priority': 1.0}, 'ec1': {'consum': 20, 'ideal_interval': 2, 'last_used_time': '2017-06-14T08:00:00', 'time_gap': 1.0, 'priority': 0.5}, 'ph1': {'consum': 40, 'ideal_interval': 1, 'last_used_time': '2017-06-14T08:00:00', 'time_gap': 1.0, 'priority': 1.0}, 'orp1': {'consum': 40, 'ideal_interval': 2, 'last_used_time': '2017-06-14T08:00:00', 'time_gap': 1.0, 'priority': 0.5}}",[]
ES-Adap,2017-06-14 16:00:00,"['tm1', 'ec1', 'ph1', 'orp1']",924.0641473888854,774.0641473888854,True,2017-06-14 16:00:01,"{'tm1': {'consum': 20, 'ideal_interval': 1, 'last_used_time': '2017-06-14T16:00:00', 'time_gap': 1.0, 'priority': 1.0}, 'ec1': {'consum': 20, 'ideal_interval': 2, 'last_used_time': '2017-06-14T16:00:00', 'time_gap': 1.0, 'priority': 0.5}, 'ph1': {'consum': 40, 'ideal_interval': 1, 'last_used_time': '2017-06-14T16:00:00', 'time_gap': 1.0, 'priority': 1.0}, 'orp1': {'consum': 40, 'ideal_interval': 2, 'last_used_time': '2017-06-14T16:00:00', 'time_gap': 1.0, 'priority': 0.5}}",[]
ES-Adap,2017-06-15 00:00:00,"['tm1', 'ec1', 'ph1', 'orp1']",778.3938366666629,628.3938366666629,True,2017-06-15 00:00:01,"{'tm1': {'consum': 20, 'ideal_interval': 1, 'last_used_time': '2017-06-15T00:00:00', 'time_gap': 1.0, 'priority': 1.0}, 'ec1': {'consum': 20, 'ideal_interval': 2, 'last_used_time': '2017-06-15T00:00:00', 'time_gap': 1.0, 'priority': 0.5}, 'ph1': {'consum': 40, 'ideal_interval': 1, 'last_used_time': '2017-06-15T00:00:00', 'time_gap': 1.0, 'priority': 1.0}, 'orp1': {'consum': 40, 'ideal_interval': 2, 'last_used_time': '2017-06-15T00:00:00', 'time_gap': 1.0, 'priority': 0.5}}",[]
ES-Adap,2017-06-15 08:00:00,"['tm1', 'ec1', 'ph1', 'orp1']",650.0293629444402,500.0293629444402,True,2017-06-15 08:00:01,"{'tm1': {'consum': 20, 'ideal_interval': 1, 'last_used_time': '2017-06-15T08:00:00', 'time_gap': 1.0, 'priority': 1.0}, 'ec1': {'consum': 20, 'ideal_interval': 2, 'last_used_time': '2017-06-15T08:00:00', 'time_gap': 1.0, 'priority': 0.5}, 'ph1': {'consum': 40, 'ideal_interval': 1, 'last_used_time': '2017-06-15T08:00:00', 'time_gap': 1.0, 'priority': 1.0}, 'orp1': {'consum': 40, 'ideal_interval': 2, 'last_used_time': '2017-06-15T08:00:00', 'time_gap': 1.0, 'priority': 0.5}}",[]
ES-Adap,2017-06-15 16:00:00,"['tm1', 'ec1', 'ph1', 'orp1']",950.9242407222176,800.9242407222177,True,2017-06-15 16:00:01,"{'tm1': {'consum': 20, 'ideal_interval': 1, 'last_used_time': '2017-06-15T16:00:00', 'time_gap': 1.0, 'priority': 1.0}, 'ec1': {'consum': 20, 'ideal_interval': 2, 'last_used_time': '2017-06-15T16:00:00', 'time_gap': 1.0, 'priority': 0.5}, 'ph1': {'consum': 40, 'ideal_interval': 1, 'last_used_time': '2017-06-15T16:00:00', 'time_gap': 1.0, 'priority': 1.0}, 'orp1': {'consum': 40, 'ideal_interval': 2, 'last_used_time': '2017-06-15T16:00:00', 'time_gap': 1.0, 'priority': 0.5}}",[]
ES-Adap,2017-06-15 20:00:00,"['tm1', 'ec1', 'ph1', 'orp1']",815.8627901111065,665.8627901111065,True,2017-06-15 20:00:01,"{'tm1': {'consum': 20, 'ideal_interval': 1, 'last_used_time': '2017-06-15T20:00:00', 'time_gap': 1.0, 'priority': 1.0}, 'ec1': {'consum': 20, 'ideal_interval': 2, 'last_used_time': '2017-06-15T20:00:00', 'time_gap': 1.0, 'priority': 0.5}, 'ph1': {'consum': 40, 'ideal_interval': 1, 'last_used_time': '2017-06-15T20:00:00', 'time_gap': 1.0, 'priority': 1.0}, 'orp1': {'consum': 40, 'ideal_interval': 2, 'last_used_time': '2017-06-15T20:00:00', 'time_gap': 1.0, 'priority': 0.5}}",[]
ES-Adap,2017-06-16 04:00:00,"['tm1', 'ec1', 'ph1', 'orp1']",643.6405678888839,493.6405678888839,True,2017-06-16 04:00:01,"{'tm1': {'consum': 20, 'ideal_interval': 1, 'last_used_time': '2017-06-16T04:00:00', 'time_gap': 1.0, 'priority': 1.0}, 'ec1': {'consum': 20, 'ideal_interval': 2, 'last_used_time': '2017-06-16T04:00:00', 'time_gap': 1.0, 'priority': 0.5}, 'ph1': {'consum': 40, 'ideal_interval': 1, 'last_used_time': '2017-06-16T04:00:00', 'time_gap': 1.0, 'priority': 1.0}, 'orp1': {'consum': 40, 'ideal_interval': 2, 'last_used_time': '2017-06-16T04:00:00', 'time_gap': 1.0, 'priority': 0.5}}",[]
ES-Adap,2017-06-16 12:00:00,"['tm1', 'ec1', 'ph1', 'orp1']",753.4909466666614,603.4909466666614,True,2017-06-16 12:00:01,"{'tm1': {'consum': 20, 'ideal_interval': 1, 'last_used_time': '2017-06-16T12:00:00', 'time_gap': 1.0, 'priority': 1.0}, 'ec1': {'consum': 20, 'ideal_interval': 2, 'last_used_time': '2017-06-16T12:00:00', 'time_gap': 1.0, 'priority': 0.5}, 'ph1': {'consum': 40, 'ideal_interval': 1, 'last_used_time': '2017-06-16T12:00:00', 'time_gap': 1.0, 'priority': 1.0}, 'orp1': {'consum': 40, 'ideal_interval': 2, 'last_used_time': '2017-06-16T12:00:00', 'time_gap': 1.0, 'priority': 0.5}}",[]
ES-Adap,2017-06-16 20:00:00,"['tm1', 'ec1', 'ph1', 'orp1']",736.4860039444387,586.4860039444387,True,2017-06-16 20:00:01,"{'tm1': {'consum': 20, 'ideal_interval': 1, 'last_used_time': '2017-06-16T20:00:00', 'time_gap': 1.0, 'priority': 1.0}, 'ec1': {'consum': 20, 'ideal_interval': 2, 'last_used_time': '2017-06-16T20:00:00', 'time_gap': 1.0, 'priority': 0.5}, 'ph1': {'consum': 40, 'ideal_interval': 1, 'last_used_time': '2017-06-16T20:00:00', 'time_gap': 1.0, 'priority': 1.0}, 'orp1': {'consum': 40, 'ideal_interval': 2, 'last_used_time': '2017-06-16T20:00:00', 'time_gap': 1.0, 'priority': 0.5}}",[]
ES-Adap,2017-06-17 04:00:00,"['tm1', 'ec1', 'ph1', 'orp1']",564.2637817222161,414.2637817222161,True,2017-06-17 04:00:01,"{'tm1': {'consum': 20, 'ideal_interval': 1, 'last_used_time': '2017-06-17T04:00:00', 'time_gap': 1.0, 'priority': 1.0}, 'ec1': {'consum': 20, 'ideal_interval': 2, 'last_used_time': '2017-06-17T04:00:00', 'time_gap': 1.0, 'priority': 0.5}, 'ph1': {'consum': 40, 'ideal_interval': 1, 'last_used_time': '2017-06-17T04:00:00', 'time_gap': 1.0, 'priority': 1.0}, 'orp1': {'consum': 40, 'ideal_interval': 2, 'last_used_time': '2017-06-17T04:00:00', 'time_gap': 1.0, 'priority': 0.5}}",[]
ES-Adap,2017-06-17 12:00:00,"['tm1', 'ec1', 'ph1', 'orp1']",544.695727499994,394.695727499994,True,2017-06-17 12:00:01,"{'tm1': {'consum': 20, 'ideal_interval': 1, 'last_used_time': '2017-06-17T12:00:00', 'time_gap': 1.0, 'priority': 1.0}, 'ec1': {'consum': 20, 'ideal_interval': 2, 'last_used_time': '2017-06-17T12:00:00', 'time_gap': 1.0, 'priority': 0.5}, 'ph1': {'consum': 40, 'ideal_interval': 1, 'last_used_time': '2017-06-17T12:00:00', 'time_gap': 1.0, 'priority': 1.0}, 'orp1': {'consum': 40, 'ideal_interval': 2, 'last_used_time': '2017-06-17T12:00:00', 'time_gap': 1.0, 'priority': 0.5}}",[]
ES-Adap,2017-06-17 13:00:00,"['tm1', 'ec1', 'ph1', 'orp1']",398.55698472221616,248.55698472221616,True,2017-06-17 13:00:01,"{'tm1': {'consum': 20, 'ideal_interval': 1, 'last_used_time': '2017-06-17T13:00:00', 'time_gap': 1.0, 'priority': 1.0}, 'ec1': {'consum': 20, 'ideal_interval': 2, 'last_used_time': '2017-06-17T13:00:00', 'time_gap': 1.0, 'priority': 0.5}, 'ph1': {'consum': 40, 'ideal_interval': 1, 'last_used_time': '2017-06-17T13:00:00', 'time_gap': 1.0, 'priority': 1.0}, 'orp1': {'consum': 40, 'ideal_interval': 2, 'last_used_time': '2017-06-17T13:00:00', 'time_gap': 1.0, 'priority': 0.5}}",[]
ES-Adap,2017-06-17 14:00:00,"['tm1', 'ec1', 'ph1', 'orp1']",251.8377719444384,101.83777194443836,True,2017-06-17 14:00:01,"{'tm1': {'consum': 20, 'ideal_interval': 1, 'last_used_time': '2017-06-17T14:00:00', 'time_gap': 1.0, 'priority': 1.0}, 'ec1': {'consum': 20, 'ideal_interval': 2, 'last_used_time': '2017-06-17T14:00:00', 'time_gap': 1.0, 'priority': 0.5}, 'ph1': {'consum': 40, 'ideal_interval': 1, 'last_used_time': '2017-06-17T14:00:00', 'time_gap': 1.0, 'priority': 1.0}, 'orp1': {'consum': 40, 'ideal_interval': 2, 'last_used_time': '2017-06-17T14:00:00', 'time_gap': 1.0, 'priority': 0.5}}",[]
ES-Adap,2017-06-17 15:00:00,"['tm1', 'ec1', 'ph1', 'orp1']",150.26308711110516,0.2630871111051647,True,2017-06-18 11:00:01,"{'tm1': {'consum': 20, 'ideal_interval': 1, 'last_used_time': '2017-06-18T11:00:00', 'time_gap': 1.0, 'priority': 1.0}, 'ec1': {'consum': 20, 'ideal_interval': 2, 'last_used_time': '2017-06-18T11:00:00', 'time_gap': 1.0, 'priority': 0.5}, 'ph1': {'consum': 40, 'ideal_interval': 1, 'last_used_time': '2017-06-18T11:00:00', 'time_gap': 1.0, 'priority': 1.0}, 'orp1': {'consum': 40, 'ideal_interval': 2, 'last_used_time': '2017-06-18T11:00:00', 'time_gap': 1.0, 'priority': 0.5}}",[]
ES-Adap,2017-06-18 12:00:00,"['tm1', 'ec1', 'ph1', 'orp1']",193.0984704444385,43.098470444438505,True,2017-06-18 14:00:01,"{'tm1': {'consum': 20, 'ideal_interval': 1, 'last_used_time': '2017-06-18T14:00:00', 'time_gap': 1.0, 'priority': 1.0}, 'ec1': {'consum': 20, 'ideal_interval': 2, 'last_used_time': '2017-06-18T14:00:00', 'time_gap': 1.0, 'priority': 0.5}, 'ph1': {'consum': 40, 'ideal_interval': 1, 'last_used_time': '2017-06-18T14:00:00', 'time_gap': 1.0, 'priority': 1.0}, 'orp1': {'consum': 40, 'ideal_interval': 2, 'last_used_time': '2017-06-18T14:00:00', 'time_gap': 1.0, 'priority': 0.5}}",[]
ES-Adap,2017-06-18 15:00:00,"['tm1', 'ec1', 'ph1', 'orp1']",169.10411988888296,19.104119888882963,True,2017-06-18 16:00:01,"{'tm1': {'consum': 20, 'ideal_interval': 1, 'last_used_time': '2017-06-18T16:00:00', 'time_gap': 1.0, 'priority': 1.0}, 'ec1': {'consum': 20, 'ideal_interval': 2, 'last_used_time': '2017-06-18T16:00:00', 'time_gap': 1.0, 'priority': 0.5}, 'ph1': {'consum': 40, 'ideal_interval': 1, 'last_used_time': '2017-06-18T16:00:00', 'time_gap': 1.0, 'priority': 1.0}, 'orp1': {'consum': 40, 'ideal_interval': 2, 'last_used_time': '2017-06-18T16:00:00', 'time_gap': 1.0, 'priority': 0.5}}",[]
ES-Adap,2017-06-18 17:00:00,"['tm1', 'ec1', 'ph1', 'orp1']",203.3410101111052,53.34101011110522,True,2017-06-19 11:00:01,"{'tm1': {'consum': 20, 'ideal_interval': 1, 'last_used_time': '2017-06-19T11:00:00', 'time_gap': 1.0, 'priority': 1.0}, 'ec1': {'consum': 20, 'ideal_interval': 2, 'last_used_time': '2017-06-19T11:00:00', 'time_gap': 1.0, 'priority': 0.5}, 'ph1': {'consum': 40, 'ideal_interval': 1, 'last_used_time': '2017-06-19T11:00:00', 'time_gap': 1.0, 'priority': 1.0}, 'orp1': {'consum': 40, 'ideal_interval': 2, 'last_used_time': '2017-06-19T11:00:00', 'time_gap': 1.0, 'priority': 0.5}}",[]
ES-Adap,2017-06-19 12:00:00,"['tm1', 'ec1', 'ph1', 'orp1']",193.6720601111052,43.672060111105225,True,2017-06-19 14:00:01,"{'tm1': {'consum': 20, 'ideal_interval': 1, 'last_used_time': '2017-06-19T14:00:00', 'time_gap': 1.0, 'priority': 1.0}, 'ec1': {'consum': 20, 'ideal_interval': 2, 'last_used_time': '2017-06-19T14:00:00', 'time_gap': 1.0, 'priority': 0.5}, 'ph1': {'consum': 40, 'ideal_interval': 1, 'last_used_time': '2017-06-19T14:00:00', 'time_gap': 1.0, 'priority': 1.0}, 'orp1': {'consum': 40, 'ideal_interval': 2, 'last_used_time': '2017-06-19T14:00:00', 'time_gap': 1.0, 'priority': 0.5}}",[]
ES-Adap,2017-06-19 15:00:00,"['tm1', 'ec1', 'ph1', 'orp1']",187.2335045555497,37.2335045555497,True,2017-06-19 16:00:01,"{'tm1': {'consum': 20, 'ideal_interval': 1, 'last_used_time': '2017-06-19T16:00:00', 'time_gap': 1.0, 'priority': 1.0}, 'ec1': {'consum': 20, 'ideal_interval': 2, 'last_used_time': '2017-06-19T16:00:00', 'time_gap': 1.0, 'priority': 0.5}, 'ph1': {'consum': 40, 'ideal_interval': 1, 'last_used_time': '2017-06-19T16:00:00', 'time_gap': 1.0, 'priority': 1.0}, 'orp1': {'consum': 40, 'ideal_interval': 2, 'last_used_time': '2017-06-19T16:00:00', 'time_gap': 1.0, 'priority': 0.5}}",[]
ES-Adap,2017-06-19 17:00:00,"['tm1', 'ec1', 'ph1', 'orp1']",183.8012857222164,33.80128572221636,True,2017-06-20 10:00:01,"{'tm1': {'consum': 20, 'ideal_interval': 1, 'last_used_time': '2017-06-20T10:00:00', 'time_gap': 1.0, 'priority': 1.0}, 'ec1': {'consum': 20, 'ideal_interval': 2, 'last_used_time': '2017-06-20T10:00:00', 'time_gap': 1.0, 'priority': 0.5}, 'ph1': {'consum': 40, 'ideal_interval': 1, 'last_used_time': '2017-06-20T10:00:00', 'time_gap': 1.0, 'priority': 1.0}, 'orp1': {'consum': 40, 'ideal_interval': 2, 'last_used_time': '2017-06-20T10:00:00', 'time_gap': 1.0, 'priority': 0.5}}",[]
ES-Adap,2017-06-20 11:00:00,"['tm1', 'ec1', 'ph1', 'orp1']",191.9987801666608,41.99878016666082,True,2017-06-20 12:00:01,"{'tm1': {'consum': 20, 'ideal_interval': 1, 'last_used_time': '2017-06-20T12:00:00', 'time_gap': 1.0, 'priority': 1.0}, 'ec1': {'consum': 20, 'ideal_interval': 2, 'last_used_time': '2017-06-20T12:00:00', 'time_gap': 1.0, 'priority': 0.5}, 'ph1': {'consum': 40, 'ideal_interval': 1, 'last_used_time': '2017-06-20T12:00:00', 'time_gap': 1.0, 'priority': 1.0}, 'orp1': {'consum': 40, 'ideal_interval': 2, 'last_used_time': '2017-06-20T12:00:00', 'time_gap': 1.0, 'priority': 0.5}}",[]
ES-Adap,2017-06-20 13:00:00,"['tm1', 'ec1', 'ph1', 'orp1']",223.717691277772,73.71769127777196,True,2017-06-20 14:00:01,"{'tm1': {'consum': 20, 'ideal_interval': 1, 'last_used_time': '2017-06-20T14:00:00', 'time_gap': 1.0, 'priority': 1.0}, 'ec1': {'consum': 20, 'ideal_interval': 2, 'last_used_time': '2017-06-20T14:00:00', 'time_gap': 1.0, 'priority': 0.5}, 'ph1': {'consum': 40, 'ideal_interval': 1, 'last_used_time': '2017-06-20T14:00:00', 'time_gap': 1.0, 'priority': 1.0}, 'orp1': {'consum': 40, 'ideal_interval': 2, 'last_used_time': '2017-06-20T14:00:00', 'time_gap': 1.0, 'priority': 0.5}}",[]
ES-Adap,2017-06-20 15:00:00,"['tm1', 'ec1', 'ph1', 'orp1']",152.26768016666085,2.2676801666608526,True,2017-06-20 15:00:01,"{'tm1': {'consum': 20, 'ideal_interval': 1, 'last_used_time': '2017-06-20T15:00:00', 'time_gap': 1.0, 'priority': 1.0}, 'ec1': {'consum': 20, 'ideal_interval': 2, 'last_used_time': '2017-06-20T15:00:00', 'time_gap': 1.0, 'priority': 0.5}, 'ph1': {'consum': 40, 'ideal_interval': 1, 'last_used_time': '2017-06-20T15:00:00', 'time_gap': 1.0, 'priority': 1.0}, 'orp1': {'consum': 40, 'ideal_interval': 2, 'last_used_time': '2017-06-20T15:00:00', 'time_gap': 1.0, 'priority': 0.5}}",[]
ES-Adap,2017-06-20 16:00:00,"['tm1', 'ec1', 'ph1', 'orp1']",208.03018238888308,58.03018238888308,True,2017-06-21 10:00:01,"{'tm1': {'consum': 20, 'ideal_interval': 1, 'last_used_time': '2017-06-21T10:00:00', 'time_gap': 1.0, 'priority': 1.0}, 'ec1': {'consum': 20, 'ideal_interval': 2, 'last_used_time': '2017-06-21T10:00:00', 'time_gap': 1.0, 'priority': 0.5}, 'ph1': {'consum': 40, 'ideal_interval': 1, 'last_used_time': '2017-06-21T10:00:00', 'time_gap': 1.0, 'priority': 1.0}, 'orp1': {'consum': 40, 'ideal_interval': 2, 'last_used_time': '2017-06-21T10:00:00', 'time_gap': 1.0, 'priority': 0.5}}",[]
ES-Adap,2017-06-21 11:00:00,"['tm1', 'ec1', 'ph1', 'orp1']",245.41784349999423,95.41784349999426,True,2017-06-21 12:00:01,"{'tm1': {'consum': 20, 'ideal_interval': 1, 'last_used_time': '2017-06-21T12:00:00', 'time_gap': 1.0, 'priority': 1.0}, 'ec1': {'consum': 20, 'ideal_interval': 2, 'last_used_time': '2017-06-21T12:00:00', 'time_gap': 1.0, 'priority': 0.5}, 'ph1': {'consum': 40, 'ideal_interval': 1, 'last_used_time': '2017-06-21T12:00:00', 'time_gap': 1.0, 'priority': 1.0}, 'orp1': {'consum': 40, 'ideal_interval': 2, 'last_used_time': '2017-06-21T12:00:00', 'time_gap': 1.0, 'priority': 0.5}}",[]
ES-Adap,2017-06-21 13:00:00,"['tm1', 'ec1', 'ph1', 'orp1']",192.79444905554985,42.79444905554982,True,2017-06-21 13:00:01,"{'tm1': {'consum': 20, 'ideal_interval': 1, 'last_used_time': '2017-06-21T13:00:00', 'time_gap': 1.0, 'priority': 1.0}, 'ec1': {'consum': 20, 'ideal_interval': 2, 'last_used_time': '2017-06-21T13:00:00', 'time_gap': 1.0, 'priority': 0.5}, 'ph1': {'consum': 40, 'ideal_interval': 1, 'last_used_time': '2017-06-21T13:00:00', 'time_gap': 1.0, 'priority': 1.0}, 'orp1': {'consum': 40, 'ideal_interval': 2, 'last_used_time': '2017-06-21T13:00:00', 'time_gap': 1.0, 'priority': 0.5}}",[]
ES-Adap,2017-06-21 14:00:00,"['tm1', 'ec1', 'ph1', 'orp1']",153.0015368333276,3.001536833327606,True,2017-06-21 15:00:01,"{'tm1': {'consum': 20, 'ideal_interval': 1, 'last_used_time': '2017-06-21T15:00:00', 'time_gap': 1.0, 'priority': 1.0}, 'ec1': {'consum': 20, 'ideal_interval': 2, 'last_used_time': '2017-06-21T15:00:00', 'time_gap': 1.0, 'priority': 0.5}, 'ph1': {'consum': 40, 'ideal_interval': 1, 'last_used_time': '2017-06-21T15:00:00', 'time_gap': 1.0, 'priority': 1.0}, 'orp1': {'consum': 40, 'ideal_interval': 2, 'last_used_time': '2017-06-21T15:00:00', 'time_gap': 1.0, 'priority': 0.5}}",[]
ES-Adap,2017-06-21 16:00:00,"['tm1', 'ec1', 'ph1', 'orp1']",222.81480416666105,72.81480416666105,True,2017-06-22 12:00:01,"{'tm1': {'consum': 20, 'ideal_interval': 1, 'last_used_time': '2017-06-22T12:00:00', 'time_gap': 1.0, 'priority': 1.0}, 'ec1': {'consum': 20, 'ideal_interval': 2, 'last_used_time': '2017-06-22T12:00:00', 'time_gap': 1.0, 'priority': 0.5}, 'ph1': {'consum': 40, 'ideal_interval': 1, 'last_used_time': '2017-06-22T12:00:00', 'time_gap': 1.0, 'priority': 1.0}, 'orp1': {'consum': 40, 'ideal_interval': 2, 'last_used_time': '2017-06-22T12:00:00', 'time_gap': 1.0, 'priority': 0.5}}",[]
ES-Adap,2017-06-22 13:00:00,"['tm1', 'ec1', 'ph1', 'orp1']",190.2725986111055,40.27259861110551,True,2017-06-22 14:00:01,"{'tm1': {'consum': 20, 'ideal_interval': 1, 'last_used_time': '2017-06-22T14:00:00', 'time_gap': 1.0, 'priority': 1.0}, 'ec1': {'consum': 20, 'ideal_interval': 2, 'last_used_time': '2017-06-22T14:00:00', 'time_gap': 1.0, 'priority': 0.5}, 'ph1': {'consum': 40, 'ideal_interval': 1, 'last_used_time': '2017-06-22T14:00:00', 'time_gap': 1.0, 'priority': 1.0}, 'orp1': {'consum': 40, 'ideal_interval': 2, 'last_used_time': '2017-06-22T14:00:00', 'time_gap': 1.0, 'priority': 0.5}}",[]
ES-Adap,2017-06-22 15:00:00,"['tm1', 'ec1', 'ph1', 'orp1']",202.61546188888343,52.61546188888343,True,2017-06-23 10:00:01,"{'tm1': {'consum': 20, 'ideal_interval': 1, 'last_used_time': '2017-06-23T10:00:00', 'time_gap': 1.0, 'priority': 1.0}, 'ec1': {'consum': 20, 'ideal_interval': 2, 'last_used_time': '2017-06-23T10:00:00', 'time_gap': 1.0, 'priority': 0.5}, 'ph1': {'consum': 40, 'ideal_interval': 1, 'last_used_time': '2017-06-23T10:00:00', 'time_gap': 1.0, 'priority': 1.0}, 'orp1': {'consum': 40, 'ideal_interval': 2, 'last_used_time': '2017-06-23T10:00:00', 'time_gap': 1.0, 'priority': 0.5}}",[]
ES-Adap,2017-06-23 11:00:00,"['tm1', 'ec1', 'ph1', 'orp1']",230.23797299999453,80.23797299999455,True,2017-06-23 12:00:01,"{'tm1': {'consum': 20, 'ideal_interval': 1, 'last_used_time': '2017-06-23T12:00:00', 'time_gap': 1.0, 'priority': 1.0}, 'ec1': {'consum': 20, 'ideal_interval': 2, 'last_used_time': '2017-06-23T12:00:00', 'time_gap': 1.0, 'priority': 0.5}, 'ph1': {'consum': 40, 'ideal_interval': 1, 'last_used_time': '2017-06-23T12:00:00', 'time_gap': 1.0, 'priority': 1.0}, 'orp1': {'consum': 40, 'ideal_interval': 2, 'last_used_time': '2017-06-23T12:00:00', 'time_gap': 1.0, 'priority': 0.5}}",[]
ES-Adap,2017-06-23 13:00:00,"['tm1', 'ec1', 'ph1', 'orp1']",171.31226188888348,21.312261888883484,True,2017-06-23 13:00:01,"{'tm1': {'consum': 20, 'ideal_interval': 1, 'last_used_time': '2017-06-23T13:00:00', 'time_gap': 1.0, 'priority': 1.0}, 'ec1': {'consum': 20, 'ideal_interval': 2, 'last_used_time': '2017-06-23T13:00:00', 'time_gap': 1.0, 'priority': 0.5}, 'ph1': {'consum': 40, 'ideal_interval': 1, 'last_used_time': '2017-06-23T13:00:00', 'time_gap': 1.0, 'priority': 1.0}, 'orp1': {'consum': 40, 'ideal_interval': 2, 'last_used_time': '2017-06-23T13:00:00', 'time_gap': 1.0, 'priority': 0.5}}",[]
ES-Adap,2017-06-23 14:00:00,"['tm1', 'ec1', 'ph1', 'orp1']",191.1904729999946,41.1904729999946,True,2017-06-23 15:00:01,"{'tm1': {'consum': 20, 'ideal_interval': 1, 'last_used_time': '2017-06-23T15:00:00', 'time_gap': 1.0, 'priority': 1.0}, 'ec1': {'consum': 20, 'ideal_interval': 2, 'last_used_time': '2017-06-23T15:00:00', 'time_gap': 1.0, 'priority': 0.5}, 'ph1': {'consum': 40, 'ideal_interval': 1, 'last_used_time': '2017-06-23T15:00:00', 'time_gap': 1.0, 'priority': 1.0}, 'orp1': {'consum': 40, 'ideal_interval': 2, 'last_used_time': '2017-06-23T15:00:00', 'time_gap': 1.0, 'priority': 0.5}}",[]
ES-Adap,2017-06-23 16:00:00,"['tm1', 'ec1', 'ph1', 'orp1']",,,False,,,[]
DynaES,2017-06-12 00:00:00,['tm1'],1997.2222222222222,1947.2222222222222,True,2017-06-12 01:00:01,"{'tm1': {'consum': 20, 'ideal_interval': 1, 'last_used_time': '2017-06-12T01:00:00', 'time_gap': 1.0, 'priority': 1.0}, 'ec1': {'consum': 20, 'ideal_interval': 2, 'last_used_time': '2017-06-23T15:00:00', 'time_gap': -277.0, 'priority': 138.5}, 'ph1': {'consum': 40, 'ideal_interval': 1, 'last_used_time': '2017-06-23T15:00:00', 'time_gap': -277.0, 'priority': 277.0}, 'orp1': {'consum': 40, 'ideal_interval': 2, 'last_used_time': '2017-06-23T15:00:00', 'time_gap': -277.0, 'priority': 138.5}}",[]
DynaES,2017-06-12 03:00:00,"['ec1', 'ph1']",1941.6666666666665,1851.6666666666665,True,2017-06-12 03:00:01,"{'tm1': {'consum': 20, 'ideal_interval': 1, 'last_used_time': '2017-06-12T01:00:00', 'time_gap': 3.0, 'priority': 3.0}, 'ec1': {'consum': 20, 'ideal_interval': 2, 'last_used_time': '2017-06-12T03:00:00', 'time_gap': 1.0, 'priority': 0.5}, 'ph1': {'consum': 40, 'ideal_interval': 1, 'last_used_time': '2017-06-12T03:00:00', 'time_gap': 1.0, 'priority': 1.0}, 'orp1': {'consum': 40, 'ideal_interval': 2, 'last_used_time': '2017-06-23T15:00:00', 'time_gap': -275.0, 'priority': 137.5}}",[]
DynaES,2017-06-12 04:00:00,['orp1'],1848.8888888888887,1778.8888888888887,True,2017-06-12 04:00:01,"{'tm1': {'consum': 20, 'ideal_interval': 1, 'last_used_time': '2017-06-12T01:00:00', 'time_gap': 4.0, 'priority': 4.0}, 'ec1': {'consum': 20, 'ideal_interval': 2, 'last_used_time': '2017-06-12T03:00:00', 'time_gap': 2.0, 'priority': 1.0}, 'ph1': {'consum': 40, 'ideal_interval': 1, 'last_used_time': '2017-06-12T03:00:00', 'time_gap': 2.0, 'priority': 2.0}, 'orp1': {'consum': 40, 'ideal_interval': 2, 'last_used_time': '2017-06-12T04:00:00', 'time_gap': 1.0, 'priority': 0.5}}",[]
DynaES,2017-06-12 05:00:00,['tm1'],1776.1664406111108,1726.1664406111108,True,2017-06-12 05:00:01,"{'tm1': {'consum': 20, 'ideal_interval': 1, 'last_used_time': '2017-06-12T05:00:00', 'time_gap': 1.0, 'priority': 1.0}, 'ec1': {'consum': 20, 'ideal_interval': 2, 'last_used_time': '2017-06-12T03:00:00', 'time_gap': 3.0, 'priority': 1.5}, 'ph1': {'consum': 40, 'ideal_interval': 1, 'last_used_time': '2017-06-12T03:00:00', 'time_gap': 3.0, 'priority': 3.0}, 'orp1': {'consum': 40, 'ideal_interval': 2, 'last_used_time': '2017-06-12T04:00:00', 'time_gap': 2.0, 'priority': 1.0}}",[]
DynaES,2017-06-12 08:00:00,"['tm1', 'ec1', 'ph1']",1765.6083589444438,1655.6083589444438,True,2017-06-12 08:00:01,"{'tm1': {'consum': 20, 'ideal_interval': 1, 'last_used_time': '2017-06-12T08:00:00', 'time_gap': 1.0, 'priority': 1.0}, 'ec1': {'consum': 20, 'ideal_interval': 2, 'last_used_time': '2017-06-12T08:00:00', 'time_gap': 1.0, 'priority': 0.5}, 'ph1': {'consum': 40, 'ideal_interval': 1, 'last_used_time': '2017-06-12T08:00:00', 'time_gap': 1.0, 'priority': 1.0}, 'orp1': {'consum': 40, 'ideal_interval': 2, 'last_used_time': '2017-06-12T04:00:00', 'time_gap': 5.0, 'priority': 2.5}}",[]
DynaES,2017-06-12 11:00:00,"['tm1', 'orp1']",1880.5025589444438,1790.5025589444438,True,2017-06-12 11:00:01,"{'tm1': {'consum': 20, 'ideal_interval': 1, 'last_used_time': '2017-06-12T11:00:00', 'time_gap': 1.0, 'priority': 1.0}, 'ec1': {'consum': 20, 'ideal_interval': 2, 'last_used_time': '2017-06-12T08:00:00', 'time_gap': 4.0, 'priority': 2.0}, 'ph1': {'consum': 40, 'ideal_interval': 1, 'last_used_time': '2017-06-12T08:00:00', 'time_gap': 4.0, 'priority': 4.0}, 'orp1': {'consum': 40, 'ideal_interval': 2, 'last_used_time': '2017-06-12T11:00:00', 'time_gap': 1.0, 'priority': 0.5}}",[]
DynaES,2017-06-12 13:00:00,"['ec1', 'ph1']",1984.4091533888882,1894.4091533888882,True,2017-06-12 13:00:01,"{'tm1': {'consum': 20, 'ideal_interval': 1, 'last_used_time': '2017-06-12T11:00:00', 'time_gap': 3.0, 'priority': 3.0}, 'ec1': {'consum': 20, 'ideal_interval': 2, 'last_used_time': '2017-06-12T13:00:00', 'time_gap': 1.0, 'priority': 0.5}, 'ph1': {'consum': 40, 'ideal_interval': 1, 'last_used_time': '2017-06-12T13:00:00', 'time_gap': 1.0, 'priority': 1.0}, 'orp1': {'consum': 40, 'ideal_interval': 2, 'last_used_time': '2017-06-12T11:00:00', 'time_gap': 3.0, 'priority': 1.5}}",[]
DynaES,2017-06-12 14:00:00,['tm1'],1981.8682256111103,1931.8682256111103,True,2017-06-12 14:00:01,"{'tm1': {'consum': 20, 'ideal_interval': 1, 'last_used_time': '2017-06-12T14:00:00', 'time_gap': 1.0, 'priority': 1.0}, 'ec1': {'consum': 20, 'ideal_interval': 2, 'last_used_time': '2017-06-12T13:00:00', 'time_gap': 2.0, 'priority': 1.0}, 'ph1': {'consum': 40, 'ideal_interval': 1, 'last_used_time': '2017-06-12T13:00:00', 'time_gap': 2.0, 'priority': 2.0}, 'orp1': {'consum': 40, 'ideal_interval': 2, 'last_used_time': '2017-06-12T11:00:00', 'time_gap': 4.0, 'priority': 2.0}}",[]
DynaES,2017-06-12 17:00:00,"['tm1', 'ec1', 'ph1', 'orp1']",1997.2222222222222,1847.2222222222222,True,2017-06-12 17:00:01,"{'tm1': {'consum': 20, 'ideal_interval': 1, 'last_used_time': '2017-06-12T17:00:00', 'time_gap': 1.0, 'priority': 1.0}, 'ec1': {'consum': 20, 'ideal_interval': 2, 'last_used_time': '2017-06-12T17:00:00', 'time_gap': 1.0, 'priority': 0.5}, 'ph1': {'consum': 40, 'ideal_interval': 1, 'last_used_time': '2017-06-12T17:00:00', 'time_gap': 1.0, 'priority': 1.0}, 'orp1': {'consum': 40, 'ideal_interval': 2, 'last_used_time': '2017-06-12T17:00:00', 'time_gap': 1.0, 'priority': 0.5}}",[]
DynaES,2017-06-12 19:00:00,['tm1'],1855.2098051666665,1805.2098051666665,True,2017-06-12 19:00:01,"{'tm1': {'consum': 20, 'ideal_interval': 1, 'last_used_time': '2017-06-12T19:00:00', 'time_gap': 1.0, 'priority': 1.0}, 'ec1': {'consum': 20, 'ideal_interval': 2, 'last_used_time': '2017-06-12T17:00:00', 'time_gap': 3.0, 'priority': 1.5}, 'ph1': {'consum': 40, 'ideal_interval': 1, 'last_used_time': '2017-06-12T17:00:00', 'time_gap': 3.0, 'priority': 3.0}, 'orp1': {'consum': 40, 'ideal_interval': 2, 'last_used_time': '2017-06-12T17:00:00', 'time_gap': 3.0, 'priority': 1.5}}",[]
DynaES,2017-06-12 22:00:00,"['ec1', 'ph1']",1797.067646333333,1707.067646333333,True,2017-06-12 22:00:01,"{'tm1': {'consum': 20, 'ideal_interval': 1, 'last_used_time': '2017-06-12T19:00:00', 'time_gap': 4.0, 'priority': 4.0}, 'ec1': {'consum': 20, 'ideal_interval': 2, 'last_used_time': '2017-06-12T22:00:00', 'time_gap': 1.0, 'priority': 0.5}, 'ph1': {'consum': 40, 'ideal_interval': 1, 'last_used_time': '2017-06-12T22:00:00', 'time_gap': 1.0, 'priority': 1.0}, 'orp1': {'consum': 40, 'ideal_interval': 2, 'last_used_time': '2017-06-12T17:00:00', 'time_gap': 6.0, 'priority': 3.0}}",[]
DynaES,2017-06-12 23:00:00,['tm1'],1704.2898685555551,1654.2898685555551,True,2017-06-12 23:00:01,"{'tm1': {'consum': 20, 'ideal_interval': 1, 'last_used_time': '2017-06-12T23:00:00', 'time_gap': 1.0, 'priority': 1.0}, 'ec1': {'consum': 20, 'ideal_interval': 2, 'last_used_time': '2017-06-12T22:00:00', 'time_gap': 2.0, 'priority': 1.0}, 'ph1': {'consum': 40, 'ideal_interval': 1, 'last_used_time': '2017-06-12T22:00:00', 'time_gap': 2.0, 'priority': 2.0}, 'orp1': {'consum': 40, 'ideal_interval': 2, 'last_used_time': '2017-06-12T17:00:00', 'time_gap': 7.0, 'priority': 3.5}}",[]
DynaES,2017-06-13 02:00:00,['orp1'],1645.9565352222216,1575.9565352222216,True,2017-06-13 02:00:01,"{'tm1': {'consum': 20, 'ideal_interval': 1, 'last_used_time': '2017-06-12T23:00:00', 'time_gap': 4.0, 'priority': 4.0}, 'ec1': {'consum': 20, 'ideal_interval': 2, 'last_used_time': '2017-06-12T22:00:00', 'time_gap': 5.0, 'priority': 2.5}, 'ph1': {'consum': 40, 'ideal_interval': 1, 'last_used_time': '2017-06-12T22:00:00', 'time_gap': 5.0, 'priority': 5.0}, 'orp1': {'consum': 40, 'ideal_interval': 2, 'last_used_time': '2017-06-13T02:00:00', 'time_gap': 1.0, 'priority': 0.5}}",[]
DynaES,2017-06-13 05:00:00,"['tm1', 'ec1', 'ph1']",1567.6863138888882,1457.6863138888882,True,2017-06-13 05:00:01,"{'tm1': {'consum': 20, 'ideal_interval': 1, 'last_used_time': '2017-06-13T05:00:00', 'time_gap': 1.0, 'priority': 1.0}, 'ec1': {'consum': 20, 'ideal_interval': 2, 'last_used_time': '2017-06-13T05:00:00', 'time_gap': 1.0, 'priority': 0.5}, 'ph1': {'consum': 40, 'ideal_interval': 1, 'last_used_time': '2017-06-13T05:00:00', 'time_gap': 1.0, 'priority': 1.0}, 'orp1': {'consum': 40, 'ideal_interval': 2, 'last_used_time': '2017-06-13T02:00:00', 'time_gap': 4.0, 'priority': 2.0}}",[]
DynaES,2017-06-13 08:00:00,"['tm1', 'orp1']",1495.1416405555547,1405.1416405555547,True,2017-06-13 08:00:01,"{'tm1': {'consum': 20, 'ideal_interval': 1, 'last_used_time': '2017-06-13T08:00:00', 'time_gap': 1.0, 'priority': 1.0}, 'ec1': {'consum': 20, 'ideal_interval': 2, 'last_used_time': '2017-06-13T05:00:00', 'time_gap': 4.0, 'priority': 2.0}, 'ph1': {'consum': 40, 'ideal_interval': 1, 'last_used_time': '2017-06-13T05:00:00', 'time_gap': 4.0, 'priority': 4.0}, 'orp1': {'consum': 40, 'ideal_interval': 2, 'last_used_time': '2017-06-13T08:00:00', 'time_gap': 1.0, 'priority': 0.5}}",[]
DynaES,2017-06-13 10:00:00,"['ec1', 'ph1']",1538.187684999999,1448.187684999999,True,2017-06-13 10:00:01,"{'tm1': {'consum': 20, 'ideal_interval': 1, 'last_used_time': '2017-06-13T08:00:00', 'time_gap': 3.0, 'priority': 3.0}, 'ec1': {'consum': 20, 'ideal_interval': 2, 'last_used_time': '2017-06-13T10:00:00', 'time_gap': 1.0, 'priority': 0.5}, 'ph1': {'consum': 40, 'ideal_interval': 1, 'last_used_time': '2017-06-13T10:00:00', 'time_gap': 1.0, 'priority': 1.0}, 'orp1': {'consum': 40, 'ideal_interval': 2, 'last_used_time': '2017-06-13T08:00:00', 'time_gap': 3.0, 'priority': 1.5}}",[]
DynaES,2017-06-13 12:00:00,['tm1'],1609.8564294444434,1559.8564294444434,True,2017-06-13 12:00:01,"{'tm1': {'consum': 20, 'ideal_interval': 1, 'last_used_time': '2017-06-13T12:00:00', 'time_gap': 1.0, 'priority': 1.0}, 'ec1': {'consum': 20, 'ideal_interval': 2, 'last_used_time': '2017-06-13T10:00:00', 'time_gap': 3.0, 'priority': 1.5}, 'ph1': {'consum': 40, 'ideal_interval': 1, 'last_used_time': '2017-06-13T10:00:00', 'time_gap': 3.0, 'priority': 3.0}, 'orp1': {'consum': 40, 'ideal_interval': 2, 'last_used_time': '2017-06-13T08:00:00', 'time_gap': 5.0, 'priority': 2.5}}",[]
DynaES,2017-06-13 16:00:00,"['ec1', 'ph1', 'orp1']",1777.8573349999988,1647.8573349999988,True,2017-06-13 16:00:01,"{'tm1': {'consum': 20, 'ideal_interval': 1, 'last_used_time': '2017-06-13T12:00:00', 'time_gap': 5.0, 'priority': 5.0}, 'ec1': {'consum': 20, 'ideal_interval': 2, 'last_used_time': '2017-06-13T16:00:00', 'time_gap': 1.0, 'priority': 0.5}, 'ph1': {'consum': 40, 'ideal_interval': 1, 'last_used_time': '2017-06-13T16:00:00', 'time_gap': 1.0, 'priority': 1.0}, 'orp1': {'consum': 40, 'ideal_interval': 2, 'last_used_time': '2017-06-13T16:00:00', 'time_gap': 1.0, 'priority': 0.5}}",[]
DynaES,2017-06-13 17:00:00,['tm1'],1679.2034738888876,1629.2034738888876,True,2017-06-13 17:00:01,"{'tm1': {'consum': 20, 'ideal_interval': 1, 'last_used_time': '2017-06-13T17:00:00', 'time_gap': 1.0, 'priority': 1.0}, 'ec1': {'consum': 20, 'ideal_interval': 2, 'last_used_time': '2017-06-13T16:00:00', 'time_gap': 2.0, 'priority': 1.0}, 'ph1': {'consum': 40, 'ideal_interval': 1, 'last_used_time': '2017-06-13T16:00:00', 'time_gap': 2.0, 'priority': 2.0}, 'orp1': {'consum': 40, 'ideal_interval': 2, 'last_used_time': '2017-06-13T16:00:00', 'time_gap': 2.0, 'priority': 1.0}}",[]
DynaES,2017-06-13 20:00:00,"['tm1', 'ec1', 'ph1']",1633.7404647222208,1523.7404647222208,True,2017-06-13 20:00:01,"{'tm1': {'consum': 20, 'ideal_interval': 1, 'last_used_time': '2017-06-13T20:00:00', 'time_gap': 1.0, 'priority': 1.0}, 'ec1': {'consum': 20, 'ideal_interval': 2, 'last_used_time': '2017-06-13T20:00:00', 'time_gap': 1.0, 'priority': 0.5}, 'ph1': {'consum': 40, 'ideal_interval': 1, 'last_used_time': '2017-06-13T20:00:00', 'time_gap': 1.0, 'priority': 1.0}, 'orp1': {'consum': 40, 'ideal_interval': 2, 'last_used_time': '2017-06-13T16:00:00', 'time_gap': 5.0, 'priority': 2.5}}",[]
DynaES,2017-06-13 23:00:00,"['tm1', 'orp1']",1515.4071313888874,1425.4071313888874,True,2017-06-13 23:00:01,"{'tm1': {'consum': 20, 'ideal_interval': 1, 'last_used_time': '2017-06-13T23:00:00', 'time_gap': 1.0, 'priority': 1.0}, 'ec1': {'consum': 20, 'ideal_interval': 2, 'last_used_time': '2017-06-13T20:00:00', 'time_gap': 4.0, 'priority': 2.0}, 'ph1': {'consum': 40, 'ideal_interval': 1, 'last_used_time': '2017-06-13T20:00:00', 'time_gap': 4.0, 'priority': 4.0}, 'orp1': {'consum': 40, 'ideal_interval': 2, 'last_used_time': '2017-06-13T23:00:00', 'time_gap': 1.0, 'priority': 0.5}}",[]
DynaES,2017-06-14 01:00:00,"['ec1', 'ph1']",1419.8515758333317,1329.8515758333317,True,2017-06-14 01:00:01,"{'tm1': {'consum': 20, 'ideal_interval': 1, 'last_used_time': '2017-06-13T23:00:00', 'time_gap': 3.0, 'priority': 3.0}, 'ec1': {'consum': 20, 'ideal_interval': 2, 'last_used_time': '2017-06-14T01:00:00', 'time_gap': 1.0, 'priority': 0.5}, 'ph1': {'consum': 40, 'ideal_interval': 1, 'last_used_time': '2017-06-14T01:00:00', 'time_gap': 1.0, 'priority': 1.0}, 'orp1': {'consum': 40, 'ideal_interval': 2, 'last_used_time': '2017-06-13T23:00:00', 'time_gap': 3.0, 'priority': 1.5}}",[]
DynaES,2017-06-14 03:00:00,['tm1'],1324.296020277776,1274.296020277776,True,2017-06-14 03:00:01,"{'tm1': {'consum': 20, 'ideal_interval': 1, 'last_used_time': '2017-06-14T03:00:00', 'time_gap': 1.0, 'priority': 1.0}, 'ec1': {'consum': 20, 'ideal_interval': 2, 'last_used_time': '2017-06-14T01:00:00', 'time_gap': 3.0, 'priority': 1.5}, 'ph1': {'consum': 40, 'ideal_interval': 1, 'last_used_time': '2017-06-14T01:00:00', 'time_gap': 3.0, 'priority': 3.0}, 'orp1': {'consum': 40, 'ideal_interval': 2, 'last_used_time': '2017-06-13T23:00:00', 'time_gap': 5.0, 'priority': 2.5}}",[]
DynaES,2017-06-14 07:00:00,"['ec1', 'ph1', 'orp1']",1281.429168999998,1151.429168999998,True,2017-06-14 07:00:01,"{'tm1': {'consum': 20, 'ideal_interval': 1, 'last_used_time': '2017-06-14T03:00:00', 'time_gap': 5.0, 'priority': 5.0}, 'ec1': {'consum': 20, 'ideal_interval': 2, 'last_used_time': '2017-06-14T07:00:00', 'time_gap': 1.0, 'priority': 0.5}, 'ph1': {'consum': 40, 'ideal_interval': 1, 'last_used_time': '2017-06-14T07:00:00', 'time_gap': 1.0, 'priority': 1.0}, 'orp1': {'consum': 40, 'ideal_interval': 2, 'last_used_time': '2017-06-14T07:00:00', 'time_gap': 1.0, 'priority': 0.5}}",[]
DynaES,2017-06-14 08:00:00,['tm1'],1172.83414122222,1122.83414122222,True,2017-06-14 08:00:01,"{'tm1': {'consum': 20, 'ideal_interval': 1, 'last_used_time': '2017-06-14T08:00:00', 'time_gap': 1.0, 'priority': 1.0}, 'ec1': {'consum': 20, 'ideal_interval': 2, 'last_used_time': '2017-06-14T07:00:00', 'time_gap': 2.0, 'priority': 1.0}, 'ph1': {'consum': 40, 'ideal_interval': 1, 'last_used_time': '2017-06-14T07:00:00', 'time_gap': 2.0, 'priority': 2.0}, 'orp1': {'consum': 40, 'ideal_interval': 2, 'last_used_time': '2017-06-14T07:00:00', 'time_gap': 2.0, 'priority': 1.0}}",[]
DynaES,2017-06-14 11:00:00,"['tm1', 'ec1', 'ph1']",1297.81714122222,1187.81714122222,True,2017-06-14 11:00:01,"{'tm1': {'consum': 20, 'ideal_interval': 1, 'last_used_time': '2017-06-14T11:00:00', 'time_gap': 1.0, 'priority': 1.0}, 'ec1': {'consum': 20, 'ideal_interval': 2, 'last_used_time': '2017-06-14T11:00:00', 'time_gap': 1.0, 'priority': 0.5}, 'ph1': {'consum': 40, 'ideal_interval': 1, 'last_used_time': '2017-06-14T11:00:00', 'time_gap': 1.0, 'priority': 1.0}, 'orp1': {'consum': 40, 'ideal_interval': 2, 'last_used_time': '2017-06-14T07:00:00', 'time_gap': 5.0, 'priority': 2.5}}",[]
DynaES,2017-06-14 14:00:00,"['tm1', 'orp1']",1343.50338622222,1253.50338622222,True,2017-06-14 14:00:01,"{'tm1': {'consum': 20, 'ideal_interval': 1, 'last_used_time': '2017-06-14T14:00:00', 'time_gap': 1.0, 'priority': 1.0}, 'ec1': {'consum': 20, 'ideal_interval': 2, 'last_used_time': '2017-06-14T11:00:00', 'time_gap': 4.0, 'priority': 2.0}, 'ph1': {'consum': 40, 'ideal_interval': 1, 'last_used_time': '2017-06-14T11:00:00', 'time_gap': 4.0, 'priority': 4.0}, 'orp1': {'consum': 40, 'ideal_interval': 2, 'last_used_time': '2017-06-14T14:00:00', 'time_gap': 1.0, 'priority': 0.5}}",[]
DynaES,2017-06-14 17:00:00,"['ec1', 'ph1']",1294.9761162222196,1204.9761162222196,True,2017-06-14 17:00:01,"{'tm1': {'consum': 20, 'ideal_interval': 1, 'last_used_time': '2017-06-14T14:00:00', 'time_gap': 4.0, 'priority': 4.0}, 'ec1': {'consum': 20, 'ideal_interval': 2, 'last_used_time': '2017-06-14T17:00:00', 'time_gap': 1.0, 'priority': 0.5}, 'ph1': {'consum': 40, 'ideal_interval': 1, 'last_used_time': '2017-06-14T17:00:00', 'time_gap': 1.0, 'priority': 1.0}, 'orp1': {'consum': 40, 'ideal_interval': 2, 'last_used_time': '2017-06-14T14:00:00', 'time_gap': 4.0, 'priority': 2.0}}",[]
DynaES,2017-06-14 19:00:00,['tm1'],1207.3317478333306,1157.3317478333306,True,2017-06-14 19:00:01,"{'tm1': {'consum': 20, 'ideal_interval': 1, 'last_used_time': '2017-06-14T19:00:00', 'time_gap': 1.0, 'priority': 1.0}, 'ec1': {'consum': 20, 'ideal_interval': 2, 'last_used_time': '2017-06-14T17:00:00', 'time_gap': 3.0, 'priority': 1.5}, 'ph1': {'consum': 40, 'ideal_interval': 1, 'last_used_time': '2017-06-14T17:00:00', 'time_gap': 3.0, 'priority': 3.0}, 'orp1': {'consum': 40, 'ideal_interval': 2, 'last_used_time': '2017-06-14T14:00:00', 'time_gap': 6.0, 'priority': 3.0}}",[]
DynaES,2017-06-14 23:00:00,"['ec1', 'ph1', 'orp1']",1146.436644388886,1016.436644388886,True,2017-06-14 23:00:01,"{'tm1': {'consum': 20, 'ideal_interval': 1, 'last_used_time': '2017-06-14T19:00:00', 'time_gap': 5.0, 'priority': 5.0}, 'ec1': {'consum': 20, 'ideal_interval': 2, 'last_used_time': '2017-06-14T23:00:00', 'time_gap': 1.0, 'priority': 0.5}, 'ph1': {'consum': 40, 'ideal_interval': 1, 'last_used_time': '2017-06-14T23:00:00', 'time_gap': 1.0, 'priority': 1.0}, 'orp1': {'consum': 40, 'ideal_interval': 2, 'last_used_time': '2017-06-14T23:00:00', 'time_gap': 1.0, 'priority': 0.5}}",[]
DynaES,2017-06-15 00:00:00,['tm1'],1013.6588666111081,963.6588666111081,True,2017-06-15 00:00:01,"{'tm1': {'consum': 20, 'ideal_interval': 1, 'last_used_time': '2017-06-15T00:00:00', 'time_gap': 1.0, 'priority': 1.0}, 'ec1': {'consum': 20, 'ideal_interval': 2, 'last_used_time': '2017-06-14T23:00:00', 'time_gap': 2.0, 'priority': 1.0}, 'ph1': {'consum': 40, 'ideal_interval': 1, 'last_used_time': '2017-06-14T23:00:00', 'time_gap': 2.0, 'priority': 2.0}, 'orp1': {'consum': 40, 'ideal_interval': 2, 'last_used_time': '2017-06-14T23:00:00', 'time_gap': 2.0, 'priority': 1.0}}",[]
DynaES,2017-06-15 04:00:00,"['tm1', 'ec1', 'ph1']",952.5477554999968,842.5477554999968,True,2017-06-15 04:00:01,"{'tm1': {'consum': 20, 'ideal_interval': 1, 'last_used_time': '2017-06-15T04:00:00', 'time_gap': 1.0, 'priority': 1.0}, 'ec1': {'consum': 20, 'ideal_interval': 2, 'last_used_time': '2017-06-15T04:00:00', 'time_gap': 1.0, 'priority': 0.5}, 'ph1': {'consum': 40, 'ideal_interval': 1, 'last_used_time': '2017-06-15T04:00:00', 'time_gap': 1.0, 'priority': 1.0}, 'orp1': {'consum': 40, 'ideal_interval': 2, 'last_used_time': '2017-06-14T23:00:00', 'time_gap': 6.0, 'priority': 3.0}}",[]
DynaES,2017-06-15 07:00:00,['orp1'],845.3533539999967,775.3533539999967,True,2017-06-15 07:00:01,"{'tm1': {'consum': 20, 'ideal_interval': 1, 'last_used_time': '2017-06-15T04:00:00', 'time_gap': 4.0, 'priority': 4.0}, 'ec1': {'consum': 20, 'ideal_interval': 2, 'last_used_time': '2017-06-15T04:00:00', 'time_gap': 4.0, 'priority': 2.0}, 'ph1': {'consum': 40, 'ideal_interval': 1, 'last_used_time': '2017-06-15T04:00:00', 'time_gap': 4.0, 'priority': 4.0}, 'orp1': {'consum': 40, 'ideal_interval': 2, 'last_used_time': '2017-06-15T07:00:00', 'time_gap': 1.0, 'priority': 0.5}}",[]
DynaES,2017-06-15 09:00:00,['tm1'],860.734248444441,810.734248444441,True,2017-06-15 09:00:01,"{'tm1': {'consum': 20, 'ideal_interval': 1, 'last_used_time': '2017-06-15T09:00:00', 'time_gap': 1.0, 'priority': 1.0}, 'ec1': {'consum': 20, 'ideal_interval': 2, 'last_used_time': '2017-06-15T04:00:00', 'time_gap': 6.0, 'priority': 3.0}, 'ph1': {'consum': 40, 'ideal_interval': 1, 'last_used_time': '2017-06-15T04:00:00', 'time_gap': 6.0, 'priority': 6.0}, 'orp1': {'consum': 40, 'ideal_interval': 2, 'last_used_time': '2017-06-15T07:00:00', 'time_gap': 3.0, 'priority': 1.5}}",[]
DynaES,2017-06-15 12:00:00,"['ec1', 'ph1']",1018.4636151111076,928.4636151111076,True,2017-06-15 12:00:01,"{'tm1': {'consum': 20, 'ideal_interval': 1, 'last_used_time': '2017-06-15T09:00:00', 'time_gap': 4.0, 'priority': 4.0}, 'ec1': {'consum': 20, 'ideal_interval': 2, 'last_used_time': '2017-06-15T12:00:00', 'time_gap': 1.0, 'priority': 0.5}, 'ph1': {'consum': 40, 'ideal_interval': 1, 'last_used_time': '2017-06-15T12:00:00', 'time_gap': 1.0, 'priority': 1.0}, 'orp1': {'consum': 40, 'ideal_interval': 2, 'last_used_time': '2017-06-15T07:00:00', 'time_gap': 6.0, 'priority': 3.0}}",[]
DynaES,2017-06-15 14:00:00,['tm1'],1006.296949555552,956.296949555552,True,2017-06-15 14:00:01,"{'tm1': {'consum': 20, 'ideal_interval': 1, 'last_used_time': '2017-06-15T14:00:00', 'time_gap': 1.0, 'priority': 1.0}, 'ec1': {'consum': 20, 'ideal_interval': 2, 'last_used_time': '2017-06-15T12:00:00', 'time_gap': 3.0, 'priority': 1.5}, 'ph1': {'consum': 40, 'ideal_interval': 1, 'last_used_time': '2017-06-15T12:00:00', 'time_gap': 3.0, 'priority': 3.0}, 'orp1': {'consum': 40, 'ideal_interval': 2, 'last_used_time': '2017-06-15T07:00:00', 'time_gap': 8.0, 'priority': 4.0}}",[]
DynaES,2017-06-15 18:00:00,"['ec1', 'ph1', 'orp1']",1082.0862534444404,952.0862534444404,True,2017-06-15 18:00:01,"{'tm1': {'consum': 20, 'ideal_interval': 1, 'last_used_time': '2017-06-15T14:00:00', 'time_gap': 5.0, 'priority': 5.0}, 'ec1': {'consum': 20, 'ideal_interval': 2, 'last_used_time': '2017-06-15T18:00:00', 'time_gap': 1.0, 'priority': 0.5}, 'ph1': {'consum': 40, 'ideal_interval': 1, 'last_used_time': '2017-06-15T18:00:00', 'time_gap': 1.0, 'priority': 1.0}, 'orp1': {'consum': 40, 'ideal_interval': 2, 'last_used_time': '2017-06-15T18:00:00', 'time_gap': 1.0, 'priority': 0.5}}",[]
DynaES,2017-06-15 19:00:00,['tm1'],953.7938948333293,903.7938948333293,True,2017-06-15 19:00:01,"{'tm1': {'consum': 20, 'ideal_interval': 1, 'last_used_time': '2017-06-15T19:00:00', 'time_gap': 1.0, 'priority': 1.0}, 'ec1': {'consum': 20, 'ideal_interval': 2, 'last_used_time': '2017-06-15T18:00:00', 'time_gap': 2.0, 'priority': 1.0}, 'ph1': {'consum': 40, 'ideal_interval': 1, 'last_used_time': '2017-06-15T18:00:00', 'time_gap': 2.0, 'priority': 2.0}, 'orp1': {'consum': 40, 'ideal_interval': 2, 'last_used_time': '2017-06-15T18:00:00', 'time_gap': 2.0, 'priority': 1.0}}",[]
DynaES,2017-06-15 23:00:00,"['tm1', 'ec1', 'ph1']",892.794486722218,782.794486722218,True,2017-06-15 23:00:01,"{'tm1': {'consum': 20, 'ideal_interval': 1, 'last_used_time': '2017-06-15T23:00:00', 'time_gap': 1.0, 'priority': 1.0}, 'ec1': {'consum': 20, 'ideal_interval': 2, 'last_used_time': '2017-06-15T23:00:00', 'time_gap': 1.0, 'priority': 0.5}, 'ph1': {'consum': 40, 'ideal_interval': 1, 'last_used_time': '2017-06-15T23:00:00', 'time_gap': 1.0, 'priority': 1.0}, 'orp1': {'consum': 40, 'ideal_interval': 2, 'last_used_time': '2017-06-15T18:00:00', 'time_gap': 6.0, 'priority': 3.0}}",[]
DynaES,2017-06-16 02:00:00,['orp1'],774.4611533888846,704.4611533888846,True,2017-06-16 02:00:01,"{'tm1': {'consum': 20, 'ideal_interval': 1, 'last_used_time': '2017-06-15T23:00:00', 'time_gap': 4.0, 'priority': 4.0}, 'ec1': {'consum': 20, 'ideal_interval': 2, 'last_used_time': '2017-06-15T23:00:00', 'time_gap': 4.0, 'priority': 2.0}, 'ph1': {'consum': 40, 'ideal_interval': 1, 'last_used_time': '2017-06-15T23:00:00', 'time_gap': 4.0, 'priority': 4.0}, 'orp1': {'consum': 40, 'ideal_interval': 2, 'last_used_time': '2017-06-16T02:00:00', 'time_gap': 1.0, 'priority': 0.5}}",[]
DynaES,2017-06-16 04:00:00,['tm1'],698.9055978333289,648.9055978333289,True,2017-06-16 04:00:01,"{'tm1': {'consum': 20, 'ideal_interval': 1, 'last_used_time': '2017-06-16T04:00:00', 'time_gap': 1.0, 'priority': 1.0}, 'ec1': {'consum': 20, 'ideal_interval': 2, 'last_used_time': '2017-06-15T23:00:00', 'time_gap': 6.0, 'priority': 3.0}, 'ph1': {'consum': 40, 'ideal_interval': 1, 'last_used_time': '2017-06-15T23:00:00', 'time_gap': 6.0, 'priority': 6.0}, 'orp1': {'consum': 40, 'ideal_interval': 2, 'last_used_time': '2017-06-16T02:00:00', 'time_gap': 3.0, 'priority': 1.5}}",[]
DynaES,2017-06-16 07:00:00,"['ec1', 'ph1']",655.659282166662,565.659282166662,True,2017-06-16 07:00:01,"{'tm1': {'consum': 20, 'ideal_interval': 1, 'last_used_time': '2017-06-16T04:00:00', 'time_gap': 4.0, 'priority': 4.0}, 'ec1': {'consum': 20, 'ideal_interval': 2, 'last_used_time': '2017-06-16T07:00:00', 'time_gap': 1.0, 'priority': 0.5}, 'ph1': {'consum': 40, 'ideal_interval': 1, 'last_used_time': '2017-06-16T07:00:00', 'time_gap': 1.0, 'priority': 1.0}, 'orp1': {'consum': 40, 'ideal_interval': 2, 'last_used_time': '2017-06-16T02:00:00', 'time_gap': 6.0, 'priority': 3.0}}",[]
DynaES,2017-06-16 09:00:00,['tm1'],648.6445099444396,598.6445099444396,True,2017-06-16 09:00:01,"{'tm1': {'consum': 20, 'ideal_interval': 1, 'last_used_time': '2017-06-16T09:00:00', 'time_gap': 1.0, 'priority': 1.0}, 'ec1': {'consum': 20, 'ideal_interval': 2, 'last_used_time': '2017-06-16T07:00:00', 'time_gap': 3.0, 'priority': 1.5}, 'ph1': {'consum': 40, 'ideal_interval': 1, 'last_used_time': '2017-06-16T07:00:00', 'time_gap': 3.0, 'priority': 3.0}, 'orp1': {'consum': 40, 'ideal_interval': 2, 'last_used_time': '2017-06-16T02:00:00', 'time_gap': 8.0, 'priority': 4.0}}",[]
DynaES,2017-06-16 13:00:00,['orp1'],808.0604321666616,738.0604321666616,True,2017-06-16 13:00:01,"{'tm1': {'consum': 20, 'ideal_interval': 1, 'last_used_time': '2017-06-16T09:00:00', 'time_gap': 5.0, 'priority': 5.0}, 'ec1': {'consum': 20, 'ideal_interval': 2, 'last_used_time': '2017-06-16T07:00:00', 'time_gap': 7.0, 'priority': 3.5}, 'ph1': {'consum': 40, 'ideal_interval': 1, 'last_used_time': '2017-06-16T07:00:00', 'time_gap': 7.0, 'priority': 7.0}, 'orp1': {'consum': 40, 'ideal_interval': 2, 'last_used_time': '2017-06-16T13:00:00', 'time_gap': 1.0, 'priority': 0.5}}",[]
DynaES,2017-06-16 16:00:00,"['tm1', 'ec1', 'ph1']",804.8347204999948,694.8347204999948,True,2017-06-16 16:00:01,"{'tm1': {'consum': 20, 'ideal_interval': 1, 'last_used_time': '2017-06-16T16:00:00', 'time_gap': 1.0, 'priority': 1.0}, 'ec1': {'consum': 20, 'ideal_interval': 2, 'last_used_time': '2017-06-16T16:00:00', 'time_gap': 1.0, 'priority': 0.5}, 'ph1': {'consum': 40, 'ideal_interval': 1, 'last_used_time': '2017-06-16T16:00:00', 'time_gap': 1.0, 'priority': 1.0}, 'orp1': {'consum': 40, 'ideal_interval': 2, 'last_used_time': '2017-06-16T13:00:00', 'time_gap': 4.0, 'priority': 2.0}}",[]
DynaES,2017-06-16 19:00:00,"['tm1', 'orp1']",724.4119528333279,634.4119528333279,True,2017-06-16 19:00:01,"{'tm1': {'consum': 20, 'ideal_interval': 1, 'last_used_time': '2017-06-16T19:00:00', 'time_gap': 1.0, 'priority': 1.0}, 'ec1': {'consum': 20, 'ideal_interval': 2, 'last_used_time': '2017-06-16T16:00:00', 'time_gap': 4.0, 'priority': 2.0}, 'ph1': {'consum': 40, 'ideal_interval': 1, 'last_used_time': '2017-06-16T16:00:00', 'time_gap': 4.0, 'priority': 4.0}, 'orp1': {'consum': 40, 'ideal_interval': 2, 'last_used_time': '2017-06-16T19:00:00', 'time_gap': 1.0, 'priority': 0.5}}",[]
DynaES,2017-06-16 22:00:00,"['ec1', 'ph1']",626.1954783333277,536.1954783333277,True,2017-06-16 22:00:01,"{'tm1': {'consum': 20, 'ideal_interval': 1, 'last_used_time': '2017-06-16T19:00:00', 'time_gap': 4.0, 'priority': 4.0}, 'ec1': {'consum': 20, 'ideal_interval': 2, 'last_used_time': '2017-06-16T22:00:00', 'time_gap': 1.0, 'priority': 0.5}, 'ph1': {'consum': 40, 'ideal_interval': 1, 'last_used_time': '2017-06-16T22:00:00', 'time_gap': 1.0, 'priority': 1.0}, 'orp1': {'consum': 40, 'ideal_interval': 2, 'last_used_time': '2017-06-16T19:00:00', 'time_gap': 4.0, 'priority': 2.0}}",[]
DynaES,2017-06-17 00:00:00,['tm1'],530.6399227777721,480.6399227777721,True,2017-06-17 00:00:01,"{'tm1': {'consum': 20, 'ideal_interval': 1, 'last_used_time': '2017-06-17T00:00:00', 'time_gap': 1.0, 'priority': 1.0}, 'ec1': {'consum': 20, 'ideal_interval': 2, 'last_used_time': '2017-06-16T22:00:00', 'time_gap': 3.0, 'priority': 1.5}, 'ph1': {'consum': 40, 'ideal_interval': 1, 'last_used_time': '2017-06-16T22:00:00', 'time_gap': 3.0, 'priority': 3.0}, 'orp1': {'consum': 40, 'ideal_interval': 2, 'last_used_time': '2017-06-16T19:00:00', 'time_gap': 6.0, 'priority': 3.0}}",[]
DynaES,2017-06-17 04:00:00,"['ec1', 'ph1', 'orp1']",469.528811666661,339.528811666661,True,2017-06-17 04:00:01,"{'tm1': {'consum': 20, 'ideal_interval': 1, 'last_used_time': '2017-06-17T00:00:00', 'time_gap': 5.0, 'priority': 5.0}, 'ec1': {'consum': 20, 'ideal_interval': 2, 'last_used_time': '2017-06-17T04:00:00', 'time_gap': 1.0, 'priority': 0.5}, 'ph1': {'consum': 40, 'ideal_interval': 1, 'last_used_time': '2017-06-17T04:00:00', 'time_gap': 1.0, 'priority': 1.0}, 'orp1': {'consum': 40, 'ideal_interval': 2, 'last_used_time': '2017-06-17T04:00:00', 'time_gap': 1.0, 'priority': 0.5}}",[]
DynaES,2017-06-17 08:00:00,['tm1'],340.33132855555,290.33132855555,True,2017-06-17 08:00:01,"{'tm1': {'consum': 20, 'ideal_interval': 1, 'last_used_time': '2017-06-17T08:00:00', 'time_gap': 1.0, 'priority': 1.0}, 'ec1': {'consum': 20, 'ideal_interval': 2, 'last_used_time': '2017-06-17T04:00:00', 'time_gap': 5.0, 'priority': 2.5}, 'ph1': {'consum': 40, 'ideal_interval': 1, 'last_used_time': '2017-06-17T04:00:00', 'time_gap': 5.0, 'priority': 5.0}, 'orp1': {'consum': 40, 'ideal_interval': 2, 'last_used_time': '2017-06-17T04:00:00', 'time_gap': 5.0, 'priority': 2.5}}",[]
DynaES,2017-06-17 16:00:00,"['ec1', 'ph1']",430.17589449999446,340.17589449999446,True,2017-06-17 16:00:01,"{'tm1': {'consum': 20, 'ideal_interval': 1, 'last_used_time': '2017-06-17T08:00:00', 'time_gap': 9.0, 'priority': 9.0}, 'ec1': {'consum': 20, 'ideal_interval': 2, 'last_used_time': '2017-06-17T16:00:00', 'time_gap': 1.0, 'priority': 0.5}, 'ph1': {'consum': 40, 'ideal_interval': 1, 'last_used_time': '2017-06-17T16:00:00', 'time_gap': 1.0, 'priority': 1.0}, 'orp1': {'consum': 40, 'ideal_interval': 2, 'last_used_time': '2017-06-17T04:00:00', 'time_gap': 13.0, 'priority': 6.5}}",[]
DynaES,2017-06-17 20:00:00,['tm1'],335.06818155555004,285.06818155555004,True,2017-06-17 20:00:01,"{'tm1': {'consum': 20, 'ideal_interval': 1, 'last_used_time': '2017-06-17T20:00:00', 'time_gap': 1.0, 'priority': 1.0}, 'ec1': {'consum': 20, 'ideal_interval': 2, 'last_used_time': '2017-06-17T16:00:00', 'time_gap': 5.0, 'priority': 2.5}, 'ph1': {'consum': 40, 'ideal_interval': 1, 'last_used_time': '2017-06-17T16:00:00', 'time_gap': 5.0, 'priority': 5.0}, 'orp1': {'consum': 40, 'ideal_interval': 2, 'last_used_time': '2017-06-17T04:00:00', 'time_gap': 17.0, 'priority': 8.5}}",[]
DynaES,2017-06-18 03:00:00,['orp1'],265.62373711110564,195.62373711110564,True,2017-06-18 03:00:01,"{'tm1': {'consum': 20, 'ideal_interval': 1, 'last_used_time': '2017-06-17T20:00:00', 'time_gap': 8.0, 'priority': 8.0}, 'ec1': {'consum': 20, 'ideal_interval': 2, 'last_used_time': '2017-06-17T16:00:00', 'time_gap': 12.0, 'priority': 6.0}, 'ph1': {'consum': 40, 'ideal_interval': 1, 'last_used_time': '2017-06-17T16:00:00', 'time_gap': 12.0, 'priority': 12.0}, 'orp1': {'consum': 40, 'ideal_interval': 2, 'last_used_time': '2017-06-18T03:00:00', 'time_gap': 1.0, 'priority': 0.5}}",[]
DynaES,2017-06-18 15:00:00,"['tm1', 'ec1', 'ph1']",530.2233392777724,420.2233392777724,True,2017-06-18 15:00:01,"{'tm1': {'consum': 20, 'ideal_interval': 1, 'last_used_time': '2017-06-18T15:00:00', 'time_gap': 1.0, 'priority': 1.0}, 'ec1': {'consum': 20, 'ideal_interval': 2, 'last_used_time': '2017-06-18T15:00:00', 'time_gap': 1.0, 'priority': 0.5}, 'ph1': {'consum': 40, 'ideal_interval': 1, 'last_used_time': '2017-06-18T15:00:00', 'time_gap': 1.0, 'priority': 1.0}, 'orp1': {'consum': 40, 'ideal_interval': 2, 'last_used_time': '2017-06-18T03:00:00', 'time_gap': 13.0, 'priority': 6.5}}",[]
DynaES,2017-06-18 17:00:00,['orp1'],484.09473038888353,414.09473038888353,True,2017-06-18 17:00:01,"{'tm1': {'consum': 20, 'ideal_interval': 1, 'last_used_time': '2017-06-18T15:00:00', 'time_gap': 3.0, 'priority': 3.0}, 'ec1': {'consum': 20, 'ideal_interval': 2, 'last_used_time': '2017-06-18T15:00:00', 'time_gap': 3.0, 'priority': 1.5}, 'ph1': {'consum': 40, 'ideal_interval': 1, 'last_used_time': '2017-06-18T15:00:00', 'time_gap': 3.0, 'priority': 3.0}, 'orp1': {'consum': 40, 'ideal_interval': 2, 'last_used_time': '2017-06-18T17:00:00', 'time_gap': 1.0, 'priority': 0.5}}",[]
DynaES,2017-06-18 19:00:00,['tm1'],420.6384124999947,370.6384124999947,True,2017-06-18 19:00:01,"{'tm1': {'consum': 20, 'ideal_interval': 1, 'last_used_time': '2017-06-18T19:00:00', 'time_gap': 1.0, 'priority': 1.0}, 'ec1': {'consum': 20, 'ideal_interval': 2, 'last_used_time': '2017-06-18T15:00:00', 'time_gap': 5.0, 'priority': 2.5}, 'ph1': {'consum': 40, 'ideal_interval': 1, 'last_used_time': '2017-06-18T15:00:00', 'time_gap': 5.0, 'priority': 5.0}, 'orp1': {'consum': 40, 'ideal_interval': 2, 'last_used_time': '2017-06-18T17:00:00', 'time_gap': 3.0, 'priority': 1.5}}",[]
DynaES,2017-06-18 23:00:00,"['ec1', 'ph1']",359.5976837222169,269.5976837222169,True,2017-06-18 23:00:01,"{'tm1': {'consum': 20, 'ideal_interval': 1, 'last_used_time': '2017-06-18T19:00:00', 'time_gap': 5.0, 'priority': 5.0}, 'ec1': {'consum': 20, 'ideal_interval': 2, 'last_used_time': '2017-06-18T23:00:00', 'time_gap': 1.0, 'priority': 0.5}, 'ph1': {'consum': 40, 'ideal_interval': 1, 'last_used_time': '2017-06-18T23:00:00', 'time_gap': 1.0, 'priority': 1.0}, 'orp1': {'consum': 40, 'ideal_interval': 2, 'last_used_time': '2017-06-18T17:00:00', 'time_gap': 7.0, 'priority': 3.5}}",[]
DynaES,2017-06-19 06:00:00,['tm1'],250.47767761110586,200.47767761110586,True,2017-06-19 06:00:01,"{'tm1': {'consum': 20, 'ideal_interval': 1, 'last_used_time': '2017-06-19T06:00:00', 'time_gap': 1.0, 'priority': 1.0}, 'ec1': {'consum': 20, 'ideal_interval': 2, 'last_used_time': '2017-06-18T23:00:00', 'time_gap': 8.0, 'priority': 4.0}, 'ph1': {'consum': 40, 'ideal_interval': 1, 'last_used_time': '2017-06-18T23:00:00', 'time_gap': 8.0, 'priority': 8.0}, 'orp1': {'consum': 40, 'ideal_interval': 2, 'last_used_time': '2017-06-18T17:00:00', 'time_gap': 14.0, 'priority': 7.0}}",[]
DynaES,2017-06-19 17:00:00,"['ec1', 'ph1', 'orp1']",695.3349347222169,565.3349347222169,True,2017-06-19 17:00:01,"{'tm1': {'consum': 20, 'ideal_interval': 1, 'last_used_time': '2017-06-19T06:00:00', 'time_gap': 12.0, 'priority': 12.0}, 'ec1': {'consum': 20, 'ideal_interval': 2, 'last_used_time': '2017-06-19T17:00:00', 'time_gap': 1.0, 'priority': 0.5}, 'ph1': {'consum': 40, 'ideal_interval': 1, 'last_used_time': '2017-06-19T17:00:00', 'time_gap': 1.0, 'priority': 1.0}, 'orp1': {'consum': 40, 'ideal_interval': 2, 'last_used_time': '2017-06-19T17:00:00', 'time_gap': 1.0, 'priority': 0.5}}",[]
DynaES,2017-06-19 18:00:00,['tm1'],563.9462154444391,513.9462154444391,True,2017-06-19 18:00:01,"{'tm1': {'consum': 20, 'ideal_interval': 1, 'last_used_time': '2017-06-19T18:00:00', 'time_gap': 1.0, 'priority': 1.0}, 'ec1': {'consum': 20, 'ideal_interval': 2, 'last_used_time': '2017-06-19T17:00:00', 'time_gap': 2.0, 'priority': 1.0}, 'ph1': {'consum': 40, 'ideal_interval': 1, 'last_used_time': '2017-06-19T17:00:00', 'time_gap': 2.0, 'priority': 2.0}, 'orp1': {'consum': 40, 'ideal_interval': 2, 'last_used_time': '2017-06-19T17:00:00', 'time_gap': 2.0, 'priority': 1.0}}",[]
DynaES,2017-06-19 22:00:00,"['tm1', 'ec1', 'ph1']",504.4453964999946,394.4453964999946,True,2017-06-19 22:00:01,"{'tm1': {'consum': 20, 'ideal_interval': 1, 'last_used_time': '2017-06-19T22:00:00', 'time_gap': 1.0, 'priority': 1.0}, 'ec1': {'consum': 20, 'ideal_interval': 2, 'last_used_time': '2017-06-19T22:00:00', 'time_gap': 1.0, 'priority': 0.5}, 'ph1': {'consum': 40, 'ideal_interval': 1, 'last_used_time': '2017-06-19T22:00:00', 'time_gap': 1.0, 'priority': 1.0}, 'orp1': {'consum': 40, 'ideal_interval': 2, 'last_used_time': '2017-06-19T17:00:00', 'time_gap': 6.0, 'priority': 3.0}}",[]
DynaES,2017-06-20 01:00:00,['orp1'],386.1120631666613,316.1120631666613,True,2017-06-20 01:00:01,"{'tm1': {'consum': 20, 'ideal_interval': 1, 'last_used_time': '2017-06-19T22:00:00', 'time_gap': 4.0, 'priority': 4.0}, 'ec1': {'consum': 20, 'ideal_interval': 2, 'last_used_time': '2017-06-19T22:00:00', 'time_gap': 4.0, 'priority': 2.0}, 'ph1': {'consum': 40, 'ideal_interval': 1, 'last_used_time': '2017-06-19T22:00:00', 'time_gap': 4.0, 'priority': 4.0}, 'orp1': {'consum': 40, 'ideal_interval': 2, 'last_used_time': '2017-06-20T01:00:00', 'time_gap': 1.0, 'priority': 0.5}}",[]
DynaES,2017-06-20 06:00:00,['tm1'],303.8802684444391,253.88026844443908,True,2017-06-20 06:00:01,"{'tm1': {'consum': 20, 'ideal_interval': 1, 'last_used_time': '2017-06-20T06:00:00', 'time_gap': 1.0, 'priority': 1.0}, 'ec1': {'consum': 20, 'ideal_interval': 2, 'last_used_time': '2017-06-19T22:00:00', 'time_gap': 9.0, 'priority': 4.5}, 'ph1': {'consum': 40, 'ideal_interval': 1, 'last_used_time': '2017-06-19T22:00:00', 'time_gap': 9.0, 'priority': 9.0}, 'orp1': {'consum': 40, 'ideal_interval': 2, 'last_used_time': '2017-06-20T01:00:00', 'time_gap': 6.0, 'priority': 3.0}}",[]
DynaES,2017-06-20 14:00:00,"['ec1', 'ph1']",758.9827212222167,668.9827212222167,True,2017-06-20 14:00:01,"{'tm1': {'consum': 20, 'ideal_interval': 1, 'last_used_time': '2017-06-20T06:00:00', 'time_gap': 9.0, 'priority': 9.0}, 'ec1': {'consum': 20, 'ideal_interval': 2, 'last_used_time': '2017-06-20T14:00:00', 'time_gap': 1.0, 'priority': 0.5}, 'ph1': {'consum': 40, 'ideal_interval': 1, 'last_used_time': '2017-06-20T14:00:00', 'time_gap': 1.0, 'priority': 1.0}, 'orp1': {'consum': 40, 'ideal_interval': 2, 'last_used_time': '2017-06-20T01:00:00', 'time_gap': 14.0, 'priority': 7.0}}",[]
DynaES,2017-06-20 16:00:00,['tm1'],793.6127489999943,743.6127489999943,True,2017-06-20 16:00:01,"{'tm1': {'consum': 20, 'ideal_interval': 1, 'last_used_time': '2017-06-20T16:00:00', 'time_gap': 1.0, 'priority': 1.0}, 'ec1': {'consum': 20, 'ideal_interval': 2, 'last_used_time': '2017-06-20T14:00:00', 'time_gap': 3.0, 'priority': 1.5}, 'ph1': {'consum': 40, 'ideal_interval': 1, 'last_used_time': '2017-06-20T14:00:00', 'time_gap': 3.0, 'priority': 3.0}, 'orp1': {'consum': 40, 'ideal_interval': 2, 'last_used_time': '2017-06-20T01:00:00', 'time_gap': 16.0, 'priority': 8.0}}",[]
DynaES,2017-06-20 18:00:00,['orp1'],762.6364817777719,692.6364817777719,True,2017-06-20 18:00:01,"{'tm1': {'consum': 20, 'ideal_interval': 1, 'last_used_time': '2017-06-20T16:00:00', 'time_gap': 3.0, 'priority': 3.0}, 'ec1': {'consum': 20, 'ideal_interval': 2, 'last_used_time': '2017-06-20T14:00:00', 'time_gap': 5.0, 'priority': 2.5}, 'ph1': {'consum': 40, 'ideal_interval': 1, 'last_used_time': '2017-06-20T14:00:00', 'time_gap': 5.0, 'priority': 5.0}, 'orp1': {'consum': 40, 'ideal_interval': 2, 'last_used_time': '2017-06-20T18:00:00', 'time_gap': 1.0, 'priority': 0.5}}",[]
DynaES,2017-06-20 21:00:00,"['tm1', 'ec1', 'ph1']",686.8128131111051,576.8128131111051,True,2017-06-20 21:00:01,"{'tm1': {'consum': 20, 'ideal_interval': 1, 'last_used_time': '2017-06-20T21:00:00', 'time_gap': 1.0, 'priority': 1.0}, 'ec1': {'consum': 20, 'ideal_interval': 2, 'last_used_time': '2017-06-20T21:00:00', 'time_gap': 1.0, 'priority': 0.5}, 'ph1': {'consum': 40, 'ideal_interval': 1, 'last_used_time': '2017-06-20T21:00:00', 'time_gap': 1.0, 'priority': 1.0}, 'orp1': {'consum': 40, 'ideal_interval': 2, 'last_used_time': '2017-06-20T18:00:00', 'time_gap': 4.0, 'priority': 2.0}}",[]
DynaES,2017-06-21 00:00:00,"['tm1', 'orp1']",568.4794797777716,478.47947977777164,True,2017-06-21 00:00:01,"{'tm1': {'consum': 20, 'ideal_interval': 1, 'last_used_time': '2017-06-21T00:00:00', 'time_gap': 1.0, 'priority': 1.0}, 'ec1': {'consum': 20, 'ideal_interval': 2, 'last_used_time': '2017-06-20T21:00:00', 'time_gap': 4.0, 'priority': 2.0}, 'ph1': {'consum': 40, 'ideal_interval': 1, 'last_used_time': '2017-06-20T21:00:00', 'time_gap': 4.0, 'priority': 4.0}, 'orp1': {'consum': 40, 'ideal_interval': 2, 'last_used_time': '2017-06-21T00:00:00', 'time_gap': 1.0, 'priority': 0.5}}",[]
DynaES,2017-06-21 03:00:00,"['ec1', 'ph1']",470.14614644443833,380.14614644443833,True,2017-06-21 03:00:01,"{'tm1': {'consum': 20, 'ideal_interval': 1, 'last_used_time': '2017-06-21T00:00:00', 'time_gap': 4.0, 'priority': 4.0}, 'ec1': {'consum': 20, 'ideal_interval': 2, 'last_used_time': '2017-06-21T03:00:00', 'time_gap': 1.0, 'priority': 0.5}, 'ph1': {'consum': 40, 'ideal_interval': 1, 'last_used_time': '2017-06-21T03:00:00', 'time_gap': 1.0, 'priority': 1.0}, 'orp1': {'consum': 40, 'ideal_interval': 2, 'last_used_time': '2017-06-21T00:00:00', 'time_gap': 4.0, 'priority': 2.0}}",[]
DynaES,2017-06-21 05:00:00,['tm1'],374.60283255554947,324.60283255554947,True,2017-06-21 05:00:01,"{'tm1': {'consum': 20, 'ideal_interval': 1, 'last_used_time': '2017-06-21T05:00:00', 'time_gap': 1.0, 'priority': 1.0}, 'ec1': {'consum': 20, 'ideal_interval': 2, 'last_used_time': '2017-06-21T03:00:00', 'time_gap': 3.0, 'priority': 1.5}, 'ph1': {'consum': 40, 'ideal_interval': 1, 'last_used_time': '2017-06-21T03:00:00', 'time_gap': 3.0, 'priority': 3.0}, 'orp1': {'consum': 40, 'ideal_interval': 2, 'last_used_time': '2017-06-21T00:00:00', 'time_gap': 6.0, 'priority': 3.0}}",[]
DynaES,2017-06-21 12:00:00,"['ec1', 'ph1', 'orp1']",680.6828734444383,550.6828734444383,True,2017-06-21 12:00:01,"{'tm1': {'consum': 20, 'ideal_interval': 1, 'last_used_time': '2017-06-21T05:00:00', 'time_gap': 8.0, 'priority': 8.0}, 'ec1': {'consum': 20, 'ideal_interval': 2, 'last_used_time': '2017-06-21T12:00:00', 'time_gap': 1.0, 'priority': 0.5}, 'ph1': {'consum': 40, 'ideal_interval': 1, 'last_used_time': '2017-06-21T12:00:00', 'time_gap': 1.0, 'priority': 1.0}, 'orp1': {'consum': 40, 'ideal_interval': 2, 'last_used_time': '2017-06-21T12:00:00', 'time_gap': 1.0, 'priority': 0.5}}",[]
DynaES,2017-06-21 13:00:00,['tm1'],648.0594789999939,598.0594789999939,True,2017-06-21 13:00:01,"{'tm1': {'consum': 20, 'ideal_interval': 1, 'last_used_time': '2017-06-21T13:00:00', 'time_gap': 1.0, 'priority': 1.0}, 'ec1': {'consum': 20, 'ideal_interval': 2, 'last_used_time': '2017-06-21T12:00:00', 'time_gap': 2.0, 'priority': 1.0}, 'ph1': {'consum': 40, 'ideal_interval': 1, 'last_used_time': '2017-06-21T12:00:00', 'time_gap': 2.0, 'priority': 2.0}, 'orp1': {'consum': 40, 'ideal_interval': 2, 'last_used_time': '2017-06-21T12:00:00', 'time_gap': 2.0, 'priority': 1.0}}",[]
DynaES,2017-06-21 17:00:00,"['tm1', 'ec1', 'ph1']",779.0029445555493,669.0029445555493,True,2017-06-21 17:00:01,"{'tm1': {'consum': 20, 'ideal_interval': 1, 'last_used_time': '2017-06-21T17:00:00', 'time_gap': 1.0, 'priority': 1.0}, 'ec1': {'consum': 20, 'ideal_interval': 2, 'last_used_time': '2017-06-21T17:00:00', 'time_gap': 1.0, 'priority': 0.5}, 'ph1': {'consum': 40, 'ideal_interval': 1, 'last_used_time': '2017-06-21T17:00:00', 'time_gap': 1.0, 'priority': 1.0}, 'orp1': {'consum': 40, 'ideal_interval': 2, 'last_used_time': '2017-06-21T12:00:00', 'time_gap': 6.0, 'priority': 3.0}}",[]
DynaES,2017-06-21 20:00:00,['orp1'],676.9485957222158,606.9485957222158,True,2017-06-21 20:00:01,"{'tm1': {'consum': 20, 'ideal_interval': 1, 'last_used_time': '2017-06-21T17:00:00', 'time_gap': 4.0, 'priority': 4.0}, 'ec1': {'consum': 20, 'ideal_interval': 2, 'last_used_time': '2017-06-21T17:00:00', 'time_gap': 4.0, 'priority': 2.0}, 'ph1': {'consum': 40, 'ideal_interval': 1, 'last_used_time': '2017-06-21T17:00:00', 'time_gap': 4.0, 'priority': 4.0}, 'orp1': {'consum': 40, 'ideal_interval': 2, 'last_used_time': '2017-06-21T20:00:00', 'time_gap': 1.0, 'priority': 0.5}}",[]
DynaES,2017-06-21 22:00:00,['tm1'],601.3930401666602,551.3930401666602,True,2017-06-21 22:00:01,"{'tm1': {'consum': 20, 'ideal_interval': 1, 'last_used_time': '2017-06-21T22:00:00', 'time_gap': 1.0, 'priority': 1.0}, 'ec1': {'consum': 20, 'ideal_interval': 2, 'last_used_time': '2017-06-21T17:00:00', 'time_gap': 6.0, 'priority': 3.0}, 'ph1': {'consum': 40, 'ideal_interval': 1, 'last_used_time': '2017-06-21T17:00:00', 'time_gap': 6.0, 'priority': 6.0}, 'orp1': {'consum': 40, 'ideal_interval': 2, 'last_used_time': '2017-06-21T20:00:00', 'time_gap': 3.0, 'priority': 1.5}}",[]
DynaES,2017-06-22 01:00:00,"['ec1', 'ph1']",543.0597068333267,453.0597068333267,True,2017-06-22 01:00:01,"{'tm1': {'consum': 20, 'ideal_interval': 1, 'last_used_time': '2017-06-21T22:00:00', 'time_gap': 4.0, 'priority': 4.0}, 'ec1': {'consum': 20, 'ideal_interval': 2, 'last_used_time': '2017-06-22T01:00:00', 'time_gap': 1.0, 'priority': 0.5}, 'ph1': {'consum': 40, 'ideal_interval': 1, 'last_used_time': '2017-06-22T01:00:00', 'time_gap': 1.0, 'priority': 1.0}, 'orp1': {'consum': 40, 'ideal_interval': 2, 'last_used_time': '2017-06-21T20:00:00', 'time_gap': 6.0, 'priority': 3.0}}",[]
DynaES,2017-06-22 03:00:00,['tm1'],447.50415127777114,397.50415127777114,True,2017-06-22 03:00:01,"{'tm1': {'consum': 20, 'ideal_interval': 1, 'last_used_time': '2017-06-22T03:00:00', 'time_gap': 1.0, 'priority': 1.0}, 'ec1': {'consum': 20, 'ideal_interval': 2, 'last_used_time': '2017-06-22T01:00:00', 'time_gap': 3.0, 'priority': 1.5}, 'ph1': {'consum': 40, 'ideal_interval': 1, 'last_used_time': '2017-06-22T01:00:00', 'time_gap': 3.0, 'priority': 3.0}, 'orp1': {'consum': 40, 'ideal_interval': 2, 'last_used_time': '2017-06-21T20:00:00', 'time_gap': 8.0, 'priority': 4.0}}",[]
DynaES,2017-06-22 07:00:00,['orp1'],397.1850613333267,327.1850613333267,True,2017-06-22 07:00:01,"{'tm1': {'consum': 20, 'ideal_interval': 1, 'last_used_time': '2017-06-22T03:00:00', 'time_gap': 5.0, 'priority': 5.0}, 'ec1': {'consum': 20, 'ideal_interval': 2, 'last_used_time': '2017-06-22T01:00:00', 'time_gap': 7.0, 'priority': 3.5}, 'ph1': {'consum': 40, 'ideal_interval': 1, 'last_used_time': '2017-06-22T01:00:00', 'time_gap': 7.0, 'priority': 7.0}, 'orp1': {'consum': 40, 'ideal_interval': 2, 'last_used_time': '2017-06-22T07:00:00', 'time_gap': 1.0, 'priority': 0.5}}",[]
DynaES,2017-06-22 12:00:00,['tm1'],488.0798341111045,438.0798341111045,True,2017-06-22 12:00:01,"{'tm1': {'consum': 20, 'ideal_interval': 1, 'last_used_time': '2017-06-22T12:00:00', 'time_gap': 1.0, 'priority': 1.0}, 'ec1': {'consum': 20, 'ideal_interval': 2, 'last_used_time': '2017-06-22T01:00:00', 'time_gap': 12.0, 'priority': 6.0}, 'ph1': {'consum': 40, 'ideal_interval': 1, 'last_used_time': '2017-06-22T01:00:00', 'time_gap': 12.0, 'priority': 12.0}, 'orp1': {'consum': 40, 'ideal_interval': 2, 'last_used_time': '2017-06-22T07:00:00', 'time_gap': 6.0, 'priority': 3.0}}",[]
DynaES,2017-06-22 15:00:00,"['ec1', 'ph1']",566.4589324444378,476.4589324444378,True,2017-06-22 15:00:01,"{'tm1': {'consum': 20, 'ideal_interval': 1, 'last_used_time': '2017-06-22T12:00:00', 'time_gap': 4.0, 'priority': 4.0}, 'ec1': {'consum': 20, 'ideal_interval': 2, 'last_used_time': '2017-06-22T15:00:00', 'time_gap': 1.0, 'priority': 0.5}, 'ph1': {'consum': 40, 'ideal_interval': 1, 'last_used_time': '2017-06-22T15:00:00', 'time_gap': 1.0, 'priority': 1.0}, 'orp1': {'consum': 40, 'ideal_interval': 2, 'last_used_time': '2017-06-22T07:00:00', 'time_gap': 9.0, 'priority': 4.5}}",[]
DynaES,2017-06-22 17:00:00,['tm1'],512.2489068888822,462.2489068888822,True,2017-06-22 17:00:01,"{'tm1': {'consum': 20, 'ideal_interval': 1, 'last_used_time': '2017-06-22T17:00:00', 'time_gap': 1.0, 'priority': 1.0}, 'ec1': {'consum': 20, 'ideal_interval': 2, 'last_used_time': '2017-06-22T15:00:00', 'time_gap': 3.0, 'priority': 1.5}, 'ph1': {'consum': 40, 'ideal_interval': 1, 'last_used_time': '2017-06-22T15:00:00', 'time_gap': 3.0, 'priority': 3.0}, 'orp1': {'consum': 40, 'ideal_interval': 2, 'last_used_time': '2017-06-22T07:00:00', 'time_gap': 11.0, 'priority': 5.5}}",[]
DynaES,2017-06-22 20:00:00,['orp1'],466.9201527222155,396.9201527222155,True,2017-06-22 20:00:01,"{'tm1': {'consum': 20, 'ideal_interval': 1, 'last_used_time': '2017-06-22T17:00:00', 'time_gap': 4.0, 'priority': 4.0}, 'ec1': {'consum': 20, 'ideal_interval': 2, 'last_used_time': '2017-06-22T15:00:00', 'time_gap': 6.0, 'priority': 3.0}, 'ph1': {'consum': 40, 'ideal_interval': 1, 'last_used_time': '2017-06-22T15:00:00', 'time_gap': 6.0, 'priority': 6.0}, 'orp1': {'consum': 40, 'ideal_interval': 2, 'last_used_time': '2017-06-22T20:00:00', 'time_gap': 1.0, 'priority': 0.5}}",[]
DynaES,2017-06-23 00:00:00,"['tm1', 'ec1', 'ph1']",385.8090416111044,275.8090416111044,True,2017-06-23 00:00:01,"{'tm1': {'consum': 20, 'ideal_interval': 1, 'last_used_time': '2017-06-23T00:00:00', 'time_gap': 1.0, 'priority': 1.0}, 'ec1': {'consum': 20, 'ideal_interval': 2, 'last_used_time': '2017-06-23T00:00:00', 'time_gap': 1.0, 'priority': 0.5}, 'ph1': {'consum': 40, 'ideal_interval': 1, 'last_used_time': '2017-06-23T00:00:00', 'time_gap': 1.0, 'priority': 1.0}, 'orp1': {'consum': 40, 'ideal_interval': 2, 'last_used_time': '2017-06-22T20:00:00', 'time_gap': 5.0, 'priority': 2.5}}",[]
DynaES,2017-06-23 09:00:00,"['tm1', 'orp1']",344.51341961110455,254.51341961110455,True,2017-06-23 09:00:01,"{'tm1': {'consum': 20, 'ideal_interval': 1, 'last_used_time': '2017-06-23T09:00:00', 'time_gap': 1.0, 'priority': 1.0}, 'ec1': {'consum': 20, 'ideal_interval': 2, 'last_used_time': '2017-06-23T00:00:00', 'time_gap': 10.0, 'priority': 5.0}, 'ph1': {'consum': 40, 'ideal_interval': 1, 'last_used_time': '2017-06-23T00:00:00', 'time_gap': 10.0, 'priority': 10.0}, 'orp1': {'consum': 40, 'ideal_interval': 2, 'last_used_time': '2017-06-23T09:00:00', 'time_gap': 1.0, 'priority': 0.5}}",[]
DynaES,2017-06-23 17:00:00,"['ec1', 'ph1']",826.8867657222157,736.8867657222157,True,2017-06-23 17:00:01,"{'tm1': {'consum': 20, 'ideal_interval': 1, 'last_used_time': '2017-06-23T09:00:00', 'time_gap': 9.0, 'priority': 9.0}, 'ec1': {'consum': 20, 'ideal_interval': 2, 'last_used_time': '2017-06-23T17:00:00', 'time_gap': 1.0, 'priority': 0.5}, 'ph1': {'consum': 40, 'ideal_interval': 1, 'last_used_time': '2017-06-23T17:00:00', 'time_gap': 1.0, 'priority': 1.0}, 'orp1': {'consum': 40, 'ideal_interval': 2, 'last_used_time': '2017-06-23T09:00:00', 'time_gap': 9.0, 'priority': 4.5}}",[]
DynaES,2017-06-23 19:00:00,['tm1'],740.8659464999935,690.8659464999935,True,2017-06-23 19:00:01,"{'tm1': {'consum': 20, 'ideal_interval': 1, 'last_used_time': '2017-06-23T19:00:00', 'time_gap': 1.0, 'priority': 1.0}, 'ec1': {'consum': 20, 'ideal_interval': 2, 'last_used_time': '2017-06-23T17:00:00', 'time_gap': 3.0, 'priority': 1.5}, 'ph1': {'consum': 40, 'ideal_interval': 1, 'last_used_time': '2017-06-23T17:00:00', 'time_gap': 3.0, 'priority': 3.0}, 'orp1': {'consum': 40, 'ideal_interval': 2, 'last_used_time': '2017-06-23T09:00:00', 'time_gap': 11.0, 'priority': 5.5}}",[]
DynaES,2017-06-23 22:00:00,['orp1'],682.7394979999933,612.7394979999933,True,2017-06-23 22:00:01,"{'tm1': {'consum': 20, 'ideal_interval': 1, 'last_used_time': '2017-06-23T19:00:00', 'time_gap': 4.0, 'priority': 4.0}, 'ec1': {'consum': 20, 'ideal_interval': 2, 'last_used_time': '2017-06-23T17:00:00', 'time_gap': 6.0, 'priority': 3.0}, 'ph1': {'consum': 40, 'ideal_interval': 1, 'last_used_time': '2017-06-23T17:00:00', 'time_gap': 6.0, 'priority': 6.0}, 'orp1': {'consum': 40, 'ideal_interval': 2, 'last_used_time': '2017-06-23T22:00:00', 'time_gap': 1.0, 'priority': 0.5}}",[]
DynaES,2017-06-24 02:00:00,"['tm1', 'ec1', 'ph1']",,,False,,,[]
